gene,length
Anaerotruncus-colihominis-DSM-17241-MAF-2_buk,352
Bacillus_altitudinis_buk,353
Bacillus_amyloliquefaciens_buk,354
Bacillus_arsenicus_buk,353
Bacillus_atrophaeus_buk,353
Bacillus_benzoevorans_buk,353
Bacillus_cereus_buk,353
Bacillus_endophyticus_buk,353
Bacillus_firmus_buk,353
Bacillus_flexus_buk,355
Bacillus_idriensis_buk,353
Bacillus_infantis_buk,353
Bacillus_licheniformis_buk,353
Bacillus_marisflavi_buk,353
Bacillus_massiliosenegalensis_buk,352
Bacillus_mojavensis_buk,353
Bacillus_mycoides_buk,353
Bacillus_niacini_buk,353
Bacillus_pumilus_buk,353
Bacillus_siralis_buk,352
Bacillus_sonorensis_buk,353
Bacillus_subtilis_buk,353
Bacillus_thuringiensis_buk,353
Bacillus_timonensis_buk,353
Bacillus_vallismortis_buk,353
Bilophila_wadsworthia_buk,348
Brevibacterium_halotolerans_buk,353
Butyricimonas-virosa-DSM-23226-MAF-2_buk,355
Butyricimonas_faecihominis_buk,355
Butyricimonas_paravirosa_buk,355
Butyricimonas_synergistica_buk,355
Butyrivibrio-crossotus-DSM-2876-MAF-2_buk,353
Butyrivibrio_fibrisolvens_buk,352
Cloacibacillus_evryensis_buk,350
Clostridioides_difficile_buk,352
Clostridium_acetobutylicum_buk,353
Clostridium_baratii_buk,353
Clostridium_beijerinckii_buk,354
Clostridium_botulinum_buk,353
Clostridium_butyricum_buk,353
Clostridium_cadaveris_buk,354
Clostridium_celatum_buk,352
Clostridium_chauvoei_buk,354
Clostridium_cochlearium_buk,354
Clostridium_disporicum_buk,353
Clostridium_fallax_buk,354
Clostridium_felsineum_buk,353
Clostridium_lituseburense_buk,353
Clostridium_neonatale_buk,353
Clostridium_paraputrificum_buk,353
Clostridium_perfringens_buk,354
Clostridium_putrefaciens_buk,355
Clostridium_saccharoperbutylacetonicum_buk,353
Clostridium_sardiniense_buk,353
Clostridium_sartagoforme_buk,353
Clostridium_senegalense_buk,354
Clostridium_septicum_buk,354
Clostridium_sporogenes_buk,353
Clostridium_sticklandii_buk,355
Clostridium_tertium_buk,352
Clostridium_ventriculi_buk,354
Clostridium_vincentii_buk,353
Coprococcus-comes-ATCC-27758-MAF-2_buk,354
Coprococcus-eutactus-ATCC-27759-MAF-2_buk,353
Desulfitobacterium_frappieri_buk,352
Eisenbergiella_tayi_buk,353
Eubacterium-ventriosum-ATCC-27560-MAF-2_buk,353
Eubacterium_moniliforme_buk,353
Eubacterium_ramulus_buk,350
Eubacterium_ruminantium_buk,353
Eubacterium_xylanophilum_buk,353
Flavonifractor_plautii_buk,350
Gemmiger_formicilis_buk,353
Geobacillus_vulcani_buk,353
Parasporobacterium_paucivorans_buk,350
Planococcus_okeanokoites_buk,353
Planococcus_rifietoensis_buk,352
Planomicrobium_chinense_buk,353
Sporosarcina_koreensis_buk,352
Subdoligranulum-variabile-DSM-15176-MAF-2_buk,353
Tissierella_praeacuta_buk,353
Virgibacillus_proomii_buk,352
Anaerotruncus-colihominis-DSM-17241-MAF-2_hbd,279
Bacillus_altitudinis_hbd,281
Bacillus_amyloliquefaciens_hbd,281
Bacillus_arsenicus_hbd,281
Bacillus_atrophaeus_hbd,282
Bacillus_benzoevorans_hbd,282
Bacillus_cereus_hbd,281
Bacillus_endophyticus_hbd,282
Bacillus_firmus_hbd,282
Bacillus_flexus_hbd,283
Bacillus_idriensis_hbd,282
Bacillus_infantis_hbd,282
Bacillus_licheniformis_hbd,284
Bacillus_marisflavi_hbd,281
Bacillus_massiliosenegalensis_hbd,281
Bacillus_mojavensis_hbd,285
Bacillus_mycoides_hbd,282
Bacillus_niacini_hbd,282
Bacillus_pumilus_hbd,282
Bacillus_siralis_hbd,281
Bacillus_sonorensis_hbd,279
Bacillus_subtilis_hbd,284
Bacillus_thuringiensis_hbd,281
Bacillus_timonensis_hbd,282
Bacillus_vallismortis_hbd,284
Bilophila_wadsworthia_hbd,285
Brevibacterium_halotolerans_hbd,285
Butyricimonas-virosa-DSM-23226-MAF-2_hbd,280
Butyricimonas_faecihominis_hbd,280
Butyricimonas_paravirosa_hbd,280
Butyricimonas_synergistica_hbd,280
Butyrivibrio-crossotus-DSM-2876-MAF-2_hbd,283
Butyrivibrio_fibrisolvens_hbd,285
Cloacibacillus_evryensis_hbd,280
Clostridioides_difficile_hbd,280
Clostridium_acetobutylicum_hbd,281
Clostridium_baratii_hbd,281
Clostridium_beijerinckii_hbd,281
Clostridium_botulinum_hbd,275
Clostridium_butyricum_hbd,281
Clostridium_cadaveris_hbd,281
Clostridium_celatum_hbd,280
Clostridium_chauvoei_hbd,280
Clostridium_cochlearium_hbd,281
Clostridium_disporicum_hbd,281
Clostridium_fallax_hbd,281
Clostridium_felsineum_hbd,281
Clostridium_lituseburense_hbd,279
Clostridium_neonatale_hbd,281
Clostridium_paraputrificum_hbd,281
Clostridium_perfringens_hbd,280
Clostridium_putrefaciens_hbd,281
Clostridium_saccharoperbutylacetonicum_hbd,281
Clostridium_sardiniense_hbd,281
Clostridium_sartagoforme_hbd,279
Clostridium_senegalense_hbd,282
Clostridium_septicum_hbd,280
Clostridium_sporogenes_hbd,275
Clostridium_sticklandii_hbd,278
Clostridium_tertium_hbd,279
Clostridium_ventriculi_hbd,280
Clostridium_vincentii_hbd,281
Coprococcus-comes-ATCC-27758-MAF-2_hbd,283
Coprococcus-eutactus-ATCC-27759-MAF-2_hbd,283
Desulfitobacterium_frappieri_hbd,278
Eisenbergiella_tayi_hbd,278
Eubacterium-ventriosum-ATCC-27560-MAF-2_hbd,283
Eubacterium_moniliforme_hbd,281
Eubacterium_ramulus_hbd,278
Eubacterium_ruminantium_hbd,276
Eubacterium_xylanophilum_hbd,278
Flavonifractor_plautii_hbd,282
Gemmiger_formicilis_hbd,283
Geobacillus_vulcani_hbd,282
Parasporobacterium_paucivorans_hbd,276
Planococcus_okeanokoites_hbd,282
Planococcus_rifietoensis_hbd,282
Planomicrobium_chinense_hbd,282
Sporosarcina_koreensis_hbd,282
Subdoligranulum-variabile-DSM-15176-MAF-2_hbd,283
Tissierella_praeacuta_hbd,281
Virgibacillus_proomii_hbd,283
Anaerotruncus-colihominis-DSM-17241-MAF-2_ptb,297
Bacillus_altitudinis_ptb,295
Bacillus_amyloliquefaciens_ptb,295
Bacillus_arsenicus_ptb,294
Bacillus_atrophaeus_ptb,298
Bacillus_benzoevorans_ptb,304
Bacillus_cereus_ptb,297
Bacillus_endophyticus_ptb,301
Bacillus_firmus_ptb,298
Bacillus_flexus_ptb,298
Bacillus_idriensis_ptb,294
Bacillus_infantis_ptb,297
Bacillus_licheniformis_ptb,300
Bacillus_marisflavi_ptb,300
Bacillus_massiliosenegalensis_ptb,299
Bacillus_mojavensis_ptb,296
Bacillus_mycoides_ptb,297
Bacillus_niacini_ptb,297
Bacillus_pumilus_ptb,295
Bacillus_siralis_ptb,299
Bacillus_sonorensis_ptb,300
Bacillus_subtilis_ptb,296
Bacillus_thuringiensis_ptb,297
Bacillus_timonensis_ptb,299
Bacillus_vallismortis_ptb,296
Bilophila_wadsworthia_ptb,299
Brevibacterium_halotolerans_ptb,296
Butyricimonas-virosa-DSM-23226-MAF-2_ptb,298
Butyricimonas_faecihominis_ptb,298
Butyricimonas_paravirosa_ptb,298
Butyricimonas_synergistica_ptb,298
Butyrivibrio-crossotus-DSM-2876-MAF-2_ptb,303
Butyrivibrio_fibrisolvens_ptb,304
Cloacibacillus_evryensis_ptb,300
Clostridioides_difficile_ptb,298
Clostridium_acetobutylicum_ptb,299
Clostridium_baratii_ptb,299
Clostridium_beijerinckii_ptb,300
Clostridium_botulinum_ptb,301
Clostridium_butyricum_ptb,300
Clostridium_cadaveris_ptb,301
Clostridium_celatum_ptb,300
Clostridium_chauvoei_ptb,300
Clostridium_cochlearium_ptb,300
Clostridium_disporicum_ptb,300
Clostridium_fallax_ptb,299
Clostridium_felsineum_ptb,298
Clostridium_lituseburense_ptb,298
Clostridium_neonatale_ptb,300
Clostridium_paraputrificum_ptb,299
Clostridium_perfringens_ptb,299
Clostridium_putrefaciens_ptb,298
Clostridium_saccharoperbutylacetonicum_ptb,300
Clostridium_sardiniense_ptb,299
Clostridium_sartagoforme_ptb,299
Clostridium_senegalense_ptb,299
Clostridium_septicum_ptb,299
Clostridium_sporogenes_ptb,301
Clostridium_sticklandii_ptb,299
Clostridium_tertium_ptb,300
Clostridium_ventriculi_ptb,299
Clostridium_vincentii_ptb,300
Coprococcus-comes-ATCC-27758-MAF-2_ptb,298
Coprococcus-eutactus-ATCC-27759-MAF-2_ptb,304
Desulfitobacterium_frappieri_ptb,295
Eisenbergiella_tayi_ptb,304
Eubacterium-ventriosum-ATCC-27560-MAF-2_ptb,301
Eubacterium_moniliforme_ptb,299
Eubacterium_ramulus_ptb,301
Eubacterium_ruminantium_ptb,304
Eubacterium_xylanophilum_ptb,301
Flavonifractor_plautii_ptb,300
Gemmiger_formicilis_ptb,297
Geobacillus_vulcani_ptb,298
Parasporobacterium_paucivorans_ptb,298
Planococcus_okeanokoites_ptb,299
Planococcus_rifietoensis_ptb,298
Planomicrobium_chinense_ptb,297
Sporosarcina_koreensis_ptb,306
Subdoligranulum-variabile-DSM-15176-MAF-2_ptb,300
Tissierella_praeacuta_ptb,298
Virgibacillus_proomii_ptb,302
Anaerotruncus-colihominis-DSM-17241-MAF-2_thl,391
Bacillus_altitudinis_thl,389
Bacillus_amyloliquefaciens_thl,391
Bacillus_arsenicus_thl,393
Bacillus_atrophaeus_thl,391
Bacillus_benzoevorans_thl,393
Bacillus_cereus_thl,396
Bacillus_endophyticus_thl,391
Bacillus_firmus_thl,390
Bacillus_flexus_thl,392
Bacillus_idriensis_thl,400
Bacillus_infantis_thl,391
Bacillus_licheniformis_thl,391
Bacillus_marisflavi_thl,391
Bacillus_massiliosenegalensis_thl,393
Bacillus_mojavensis_thl,391
Bacillus_mycoides_thl,391
Bacillus_niacini_thl,391
Bacillus_pumilus_thl,389
Bacillus_siralis_thl,386
Bacillus_sonorensis_thl,390
Bacillus_subtilis_thl,391
Bacillus_thuringiensis_thl,398
Bacillus_timonensis_thl,392
Bacillus_vallismortis_thl,391
Bilophila_wadsworthia_thl,390
Brevibacterium_halotolerans_thl,391
Butyricimonas-virosa-DSM-23226-MAF-2_thl,399
Butyricimonas_faecihominis_thl,399
Butyricimonas_paravirosa_thl,399
Butyricimonas_synergistica_thl,397
Butyrivibrio-crossotus-DSM-2876-MAF-2_thl,389
Butyrivibrio_fibrisolvens_thl,391
Cloacibacillus_evryensis_thl,391
Clostridioides_difficile_thl,390
Clostridium_acetobutylicum_thl,390
Clostridium_baratii_thl,391
Clostridium_beijerinckii_thl,391
Clostridium_botulinum_thl,390
Clostridium_butyricum_thl,391
Clostridium_cadaveris_thl,392
Clostridium_celatum_thl,391
Clostridium_chauvoei_thl,391
Clostridium_cochlearium_thl,390
Clostridium_disporicum_thl,392
Clostridium_fallax_thl,391
Clostridium_felsineum_thl,390
Clostridium_lituseburense_thl,398
Clostridium_neonatale_thl,391
Clostridium_paraputrificum_thl,391
Clostridium_perfringens_thl,391
Clostridium_putrefaciens_thl,391
Clostridium_saccharoperbutylacetonicum_thl,390
Clostridium_sardiniense_thl,391
Clostridium_sartagoforme_thl,391
Clostridium_senegalense_thl,391
Clostridium_septicum_thl,391
Clostridium_sporogenes_thl,390
Clostridium_sticklandii_thl,390
Clostridium_tertium_thl,391
Clostridium_ventriculi_thl,399
Clostridium_vincentii_thl,392
Coprococcus-comes-ATCC-27758-MAF-2_thl,390
Coprococcus-eutactus-ATCC-27759-MAF-2_thl,389
Desulfitobacterium_frappieri_thl,390
Eisenbergiella_tayi_thl,390
Eubacterium-ventriosum-ATCC-27560-MAF-2_thl,391
Eubacterium_moniliforme_thl,391
Eubacterium_ramulus_thl,392
Eubacterium_ruminantium_thl,389
Eubacterium_xylanophilum_thl,396
Flavonifractor_plautii_thl,417
Gemmiger_formicilis_thl,402
Geobacillus_vulcani_thl,391
Parasporobacterium_paucivorans_thl,391
Planococcus_okeanokoites_thl,390
Planococcus_rifietoensis_thl,390
Planomicrobium_chinense_thl,390
Sporosarcina_koreensis_thl,393
Subdoligranulum-variabile-DSM-15176-MAF-2_thl,392
Tissierella_praeacuta_thl,391
Virgibacillus_proomii_thl,392
Anaerotruncus-colihominis-DSM-17241-MAF-2_bcd,377
Bacillus_altitudinis_bcd,378
Bacillus_amyloliquefaciens_bcd,379
Bacillus_arsenicus_bcd,378
Bacillus_atrophaeus_bcd,377
Bacillus_benzoevorans_bcd,377
Bacillus_cereus_bcd,377
Bacillus_endophyticus_bcd,374
Bacillus_firmus_bcd,377
Bacillus_flexus_bcd,376
Bacillus_idriensis_bcd,377
Bacillus_infantis_bcd,378
Bacillus_licheniformis_bcd,378
Bacillus_marisflavi_bcd,377
Bacillus_massiliosenegalensis_bcd,377
Bacillus_mojavensis_bcd,377
Bacillus_mycoides_bcd,377
Bacillus_niacini_bcd,377
Bacillus_pumilus_bcd,378
Bacillus_siralis_bcd,377
Bacillus_sonorensis_bcd,378
Bacillus_subtilis_bcd,376
Bacillus_thuringiensis_bcd,377
Bacillus_timonensis_bcd,377
Bacillus_vallismortis_bcd,376
Bilophila_wadsworthia_bcd,364
Brevibacterium_halotolerans_bcd,377
Butyricimonas-virosa-DSM-23226-MAF-2_bcd,378
Butyricimonas_faecihominis_bcd,378
Butyricimonas_paravirosa_bcd,378
Butyricimonas_synergistica_bcd,378
Butyrivibrio-crossotus-DSM-2876-MAF-2_bcd,383
Butyrivibrio_fibrisolvens_bcd,384
Cloacibacillus_evryensis_bcd,376
Clostridioides_difficile_bcd,373
Clostridium_acetobutylicum_bcd,377
Clostridium_baratii_bcd,377
Clostridium_beijerinckii_bcd,632
Clostridium_botulinum_bcd,633
Clostridium_butyricum_bcd,377
Clostridium_cadaveris_bcd,377
Clostridium_celatum_bcd,377
Clostridium_chauvoei_bcd,377
Clostridium_cochlearium_bcd,377
Clostridium_disporicum_bcd,377
Clostridium_fallax_bcd,377
Clostridium_felsineum_bcd,376
Clostridium_lituseburense_bcd,370
Clostridium_neonatale_bcd,377
Clostridium_paraputrificum_bcd,377
Clostridium_perfringens_bcd,377
Clostridium_putrefaciens_bcd,377
Clostridium_saccharoperbutylacetonicum_bcd,377
Clostridium_sardiniense_bcd,375
Clostridium_sartagoforme_bcd,377
Clostridium_senegalense_bcd,378
Clostridium_septicum_bcd,377
Clostridium_sporogenes_bcd,377
Clostridium_sticklandii_bcd,378
Clostridium_tertium_bcd,377
Clostridium_ventriculi_bcd,377
Clostridium_vincentii_bcd,377
Coprococcus-comes-ATCC-27758-MAF-2_bcd,382
Coprococcus-eutactus-ATCC-27759-MAF-2_bcd,387
Desulfitobacterium_frappieri_bcd,378
Eisenbergiella_tayi_bcd,634
Eubacterium-ventriosum-ATCC-27560-MAF-2_bcd,384
Eubacterium_moniliforme_bcd,375
Eubacterium_ramulus_bcd,387
Eubacterium_ruminantium_bcd,387
Eubacterium_xylanophilum_bcd,382
Flavonifractor_plautii_bcd,635
Gemmiger_formicilis_bcd,388
Geobacillus_vulcani_bcd,377
Parasporobacterium_paucivorans_bcd,377
Planococcus_okeanokoites_bcd,378
Planococcus_rifietoensis_bcd,377
Planomicrobium_chinense_bcd,377
Sporosarcina_koreensis_bcd,377
Subdoligranulum-variabile-DSM-15176-MAF-2_bcd,388
Tissierella_praeacuta_bcd,378
Virgibacillus_proomii_bcd,377
Anaerotruncus-colihominis-DSM-17241-MAF-2_cro,252
Bacillus_altitudinis_cro,258
Bacillus_amyloliquefaciens_cro,257
Bacillus_arsenicus_cro,257
Bacillus_atrophaeus_cro,256
Bacillus_benzoevorans_cro,257
Bacillus_cereus_cro,255
Bacillus_endophyticus_cro,257
Bacillus_firmus_cro,256
Bacillus_flexus_cro,253
Bacillus_idriensis_cro,256
Bacillus_infantis_cro,257
Bacillus_licheniformis_cro,255
Bacillus_marisflavi_cro,255
Bacillus_massiliosenegalensis_cro,256
Bacillus_mojavensis_cro,257
Bacillus_mycoides_cro,255
Bacillus_niacini_cro,255
Bacillus_pumilus_cro,258
Bacillus_siralis_cro,256
Bacillus_sonorensis_cro,255
Bacillus_subtilis_cro,257
Bacillus_timonensis_cro,257
Bacillus_vallismortis_cro,257
Bilophila_wadsworthia_cro,251
Brevibacterium_halotolerans_cro,257
Butyricimonas-virosa-DSM-23226-MAF-2_cro,261
Butyricimonas_faecihominis_cro,261
Butyricimonas_paravirosa_cro,254
Butyricimonas_synergistica_cro,254
Butyrivibrio-crossotus-DSM-2876-MAF-2_cro,265
Butyrivibrio_fibrisolvens_cro,250
Cloacibacillus_evryensis_cro,254
Clostridioides_difficile_cro,259
Clostridium_acetobutylicum_cro,258
Clostridium_baratii_cro,259
Clostridium_beijerinckii_cro,259
Clostridium_botulinum_cro,258
Clostridium_butyricum_cro,259
Clostridium_cadaveris_cro,259
Clostridium_celatum_cro,257
Clostridium_chauvoei_cro,259
Clostridium_cochlearium_cro,255
Clostridium_disporicum_cro,258
Clostridium_fallax_cro,259
Clostridium_felsineum_cro,258
Clostridium_lituseburense_cro,258
Clostridium_neonatale_cro,259
Clostridium_paraputrificum_cro,259
Clostridium_perfringens_cro,259
Clostridium_putrefaciens_cro,259
Clostridium_saccharoperbutylacetonicum_cro,259
Clostridium_sardiniense_cro,259
Clostridium_sartagoforme_cro,259
Clostridium_senegalense_cro,272
Clostridium_septicum_cro,258
Clostridium_sporogenes_cro,258
Clostridium_sticklandii_cro,253
Clostridium_tertium_cro,258
Clostridium_ventriculi_cro,259
Clostridium_vincentii_cro,259
Coprococcus-comes-ATCC-27758-MAF-2_cro,251
Coprococcus-eutactus-ATCC-27759-MAF-2_cro,252
Desulfitobacterium_frappieri_cro,256
Eisenbergiella_tayi_cro,251
Eubacterium-ventriosum-ATCC-27560-MAF-2_cro,252
Eubacterium_moniliforme_cro,259
Eubacterium_ramulus_cro,253
Eubacterium_ruminantium_cro,263
Eubacterium_xylanophilum_cro,259
Flavonifractor_plautii_cro,254
Gemmiger_formicilis_cro,252
Geobacillus_vulcani_cro,257
Parasporobacterium_paucivorans_cro,250
Planococcus_okeanokoites_cro,256
Planococcus_rifietoensis_cro,256
Planomicrobium_chinense_cro,256
Sporosarcina_koreensis_cro,256
Subdoligranulum-variabile-DSM-15176-MAF-2_cro,252
Tissierella_praeacuta_cro,256
Virgibacillus_proomii_cro,256
Acidaminococcus-intestini-D21-MAF-2_but,448
Anaerobutyricum_hallii_but,445
Anaerococcus_hydrogenalis_but,444
Anaerococcus_murdochii_but,447
Anaerococcus_obesiensis_but,444
Anaerococcus_octavius_but,445
Anaerococcus_prevotii_but,446
Anaerococcus_senegalensis_but,444
Anaerococcus_vaginalis_but,444
Anaerofustis_stercorihominis_but,446
Anaerostipes-caccae-DSM-14662-MAF-2_but,445
Anaerostipes_butyraticus_but,445
Anaerostipes_coli_but,445
Brachymonas_chironomi_but,441
Brachyspira_pilosicoli_but,448
Butyricicoccus_pullicaecorum_but,445
Clostridium-sp-M62-1-MAF-2_but,446
Clostridium_populeti_but,444
Clostridium_rectum_but,439
Clostridium_symbiosum_but,445
Coprococcus_catus_but,444
Eubacterium_barkeri_but,448
Eubacterium_callanderi_but,447
Eubacterium_cellulosolvens_but,447
Eubacterium_desmolans_but,444
Eubacterium_limosum_but,447
Eubacterium_oxidoreducens_but,444
Eubacterium_rectale_but,445
Faecalibacterium_prausnitzii_but,446
Fusobacterium_necrogenes_but,438
Intestinimonas_butyriciproducens_but,445
Kallipyga_massiliensis_but,446
Lachnobacterium_bovis_but,445
Megasphaera-elsdenii-14-14-MAF-2_but,440
Oscillibacter_valericigenes_but,447
Peptococcus_niger_but,448
Peptoniphilus_asaccharolyticus_but,445
Peptoniphilus_duerdenii_but,444
Peptoniphilus_grossensis_but,446
Peptoniphilus_harei_but,446
Peptoniphilus_indolicus_but,445
Peptoniphilus_lacrimalis_but,446
Peptoniphilus_senegalensis_but,446
Pseudoramibacter_alactolyticus_but,445
Roseburia-intestinalis-L1-82-MAF-2_but,445
Roseburia_faecis_but,445
Roseburia_hominis_but,445
Roseburia_inulinivorans_but,445
Ruminococcus-gauvreauii-DSM-19829-MAF-2_but,447
Acidaminococcus-intestini-D21-MAF-2_hbd,284
Anaerobutyricum_hallii_hbd,278
Anaerococcus_hydrogenalis_hbd,279
Anaerococcus_murdochii_hbd,279
Anaerococcus_obesiensis_hbd,279
Anaerococcus_octavius_hbd,279
Anaerococcus_prevotii_hbd,279
Anaerococcus_senegalensis_hbd,279
Anaerococcus_vaginalis_hbd,279
Anaerofustis_stercorihominis_hbd,277
Anaerostipes-caccae-DSM-14662-MAF-2_hbd,278
Anaerostipes_butyraticus_hbd,278
Anaerostipes_coli_hbd,278
Brachymonas_chironomi_hbd,283
Brachyspira_pilosicoli_hbd,278
Butyricicoccus_pullicaecorum_hbd,283
Clostridium-sp-M62-1-MAF-2_hbd,277
Clostridium_populeti_hbd,278
Clostridium_rectum_hbd,278
Clostridium_symbiosum_hbd,277
Coprococcus_catus_hbd,277
Eubacterium_barkeri_hbd,278
Eubacterium_callanderi_hbd,278
Eubacterium_cellulosolvens_hbd,283
Eubacterium_desmolans_hbd,281
Eubacterium_limosum_hbd,278
Eubacterium_oxidoreducens_hbd,275
Eubacterium_rectale_hbd,283
Faecalibacterium_prausnitzii_hbd,283
Fusobacterium_necrogenes_hbd,278
Intestinimonas_butyriciproducens_hbd,282
Kallipyga_massiliensis_hbd,277
Lachnobacterium_bovis_hbd,278
Megasphaera-elsdenii-14-14-MAF-2_hbd,283
Oscillibacter_valericigenes_hbd,278
Peptococcus_niger_hbd,278
Peptoniphilus_asaccharolyticus_hbd,278
Peptoniphilus_duerdenii_hbd,279
Peptoniphilus_grossensis_hbd,280
Peptoniphilus_harei_hbd,277
Peptoniphilus_indolicus_hbd,278
Peptoniphilus_lacrimalis_hbd,277
Peptoniphilus_senegalensis_hbd,280
Pseudoramibacter_alactolyticus_hbd,280
Roseburia-intestinalis-L1-82-MAF-2_hbd,283
Roseburia_faecis_hbd,283
Roseburia_hominis_hbd,283
Roseburia_inulinivorans_hbd,283
Ruminococcus-gauvreauii-DSM-19829-MAF-2_hbd,274
Acidaminococcus-intestini-D21-MAF-2_thl,391
Anaerobutyricum_hallii_thl,390
Anaerococcus_hydrogenalis_thl,391
Anaerococcus_murdochii_thl,391
Anaerococcus_obesiensis_thl,391
Anaerococcus_octavius_thl,392
Anaerococcus_prevotii_thl,391
Anaerococcus_senegalensis_thl,391
Anaerococcus_vaginalis_thl,391
Anaerofustis_stercorihominis_thl,391
Anaerostipes-caccae-DSM-14662-MAF-2_thl,390
Anaerostipes_butyraticus_thl,393
Anaerostipes_coli_thl,391
Brachymonas_chironomi_thl,388
Brachyspira_pilosicoli_thl,389
Butyricicoccus_pullicaecorum_thl,390
Clostridium-sp-M62-1-MAF-2_thl,392
Clostridium_populeti_thl,390
Clostridium_rectum_thl,391
Clostridium_symbiosum_thl,391
Coprococcus_catus_thl,392
Eubacterium_barkeri_thl,392
Eubacterium_callanderi_thl,390
Eubacterium_cellulosolvens_thl,391
Eubacterium_desmolans_thl,392
Eubacterium_limosum_thl,390
Eubacterium_oxidoreducens_thl,394
Eubacterium_rectale_thl,391
Faecalibacterium_prausnitzii_thl,403
Fusobacterium_necrogenes_thl,401
Intestinimonas_butyriciproducens_thl,392
Kallipyga_massiliensis_thl,392
Lachnobacterium_bovis_thl,394
Megasphaera-elsdenii-14-14-MAF-2_thl,391
Oscillibacter_valericigenes_thl,416
Peptococcus_niger_thl,390
Peptoniphilus_asaccharolyticus_thl,392
Peptoniphilus_duerdenii_thl,390
Peptoniphilus_grossensis_thl,391
Peptoniphilus_harei_thl,391
Peptoniphilus_indolicus_thl,392
Peptoniphilus_lacrimalis_thl,391
Peptoniphilus_senegalensis_thl,391
Pseudoramibacter_alactolyticus_thl,391
Roseburia-intestinalis-L1-82-MAF-2_thl,391
Roseburia_faecis_thl,391
Roseburia_hominis_thl,391
Roseburia_inulinivorans_thl,391
Ruminococcus-gauvreauii-DSM-19829-MAF-2_thl,392
Acidaminococcus-intestini-D21-MAF-2_bcd,632
Anaerobutyricum_hallii_bcd,383
Anaerococcus_hydrogenalis_bcd,375
Anaerococcus_murdochii_bcd,375
Anaerococcus_obesiensis_bcd,375
Anaerococcus_octavius_bcd,379
Anaerococcus_prevotii_bcd,377
Anaerococcus_senegalensis_bcd,375
Anaerococcus_vaginalis_bcd,375
Anaerofustis_stercorihominis_bcd,377
Anaerostipes-caccae-DSM-14662-MAF-2_bcd,630
Anaerostipes_butyraticus_bcd,382
Anaerostipes_coli_bcd,382
Brachymonas_chironomi_bcd,371
Brachyspira_pilosicoli_bcd,380
Butyricicoccus_pullicaecorum_bcd,634
Clostridium-sp-M62-1-MAF-2_bcd,383
Clostridium_populeti_bcd,377
Clostridium_rectum_bcd,637
Clostridium_symbiosum_bcd,636
Coprococcus_catus_bcd,383
Eubacterium_barkeri_bcd,632
Eubacterium_callanderi_bcd,378
Eubacterium_cellulosolvens_bcd,389
Eubacterium_desmolans_bcd,634
Eubacterium_limosum_bcd,378
Eubacterium_oxidoreducens_bcd,382
Eubacterium_rectale_bcd,387
Faecalibacterium_prausnitzii_bcd,635
Fusobacterium_necrogenes_bcd,637
Intestinimonas_butyriciproducens_bcd,633
Kallipyga_massiliensis_bcd,378
Lachnobacterium_bovis_bcd,382
Megasphaera-elsdenii-14-14-MAF-2_bcd,377
Oscillibacter_valericigenes_bcd,377
Peptococcus_niger_bcd,379
Peptoniphilus_asaccharolyticus_bcd,641
Peptoniphilus_duerdenii_bcd,643
Peptoniphilus_grossensis_bcd,638
Peptoniphilus_harei_bcd,376
Peptoniphilus_indolicus_bcd,641
Peptoniphilus_lacrimalis_bcd,638
Peptoniphilus_senegalensis_bcd,376
Pseudoramibacter_alactolyticus_bcd,637
Roseburia-intestinalis-L1-82-MAF-2_bcd,383
Roseburia_faecis_bcd,382
Roseburia_hominis_bcd,378
Roseburia_inulinivorans_bcd,383
Ruminococcus-gauvreauii-DSM-19829-MAF-2_bcd,381
Acidaminococcus-intestini-D21-MAF-2_cro,257
Anaerobutyricum_hallii_cro,252
Anaerococcus_hydrogenalis_cro,253
Anaerococcus_murdochii_cro,255
Anaerococcus_obesiensis_cro,253
Anaerococcus_octavius_cro,255
Anaerococcus_prevotii_cro,257
Anaerococcus_senegalensis_cro,253
Anaerococcus_vaginalis_cro,253
Anaerofustis_stercorihominis_cro,253
Anaerostipes-caccae-DSM-14662-MAF-2_cro,255
Anaerostipes_butyraticus_cro,252
Anaerostipes_coli_cro,255
Brachymonas_chironomi_cro,245
Brachyspira_pilosicoli_cro,251
Butyricicoccus_pullicaecorum_cro,267
Clostridium-sp-M62-1-MAF-2_cro,254
Clostridium_populeti_cro,251
Clostridium_rectum_cro,255
Clostridium_symbiosum_cro,254
Coprococcus_catus_cro,255
Eubacterium_barkeri_cro,249
Eubacterium_callanderi_cro,255
Eubacterium_cellulosolvens_cro,249
Eubacterium_desmolans_cro,268
Eubacterium_limosum_cro,255
Eubacterium_oxidoreducens_cro,260
Eubacterium_rectale_cro,262
Faecalibacterium_prausnitzii_cro,251
Fusobacterium_necrogenes_cro,255
Intestinimonas_butyriciproducens_cro,256
Kallipyga_massiliensis_cro,257
Lachnobacterium_bovis_cro,261
Megasphaera-elsdenii-14-14-MAF-2_cro,256
Oscillibacter_valericigenes_cro,263
Peptococcus_niger_cro,257
Peptoniphilus_asaccharolyticus_cro,254
Peptoniphilus_duerdenii_cro,255
Peptoniphilus_grossensis_cro,254
Peptoniphilus_harei_cro,253
Peptoniphilus_indolicus_cro,255
Peptoniphilus_lacrimalis_cro,255
Peptoniphilus_senegalensis_cro,255
Pseudoramibacter_alactolyticus_cro,255
Roseburia-intestinalis-L1-82-MAF-2_cro,258
Roseburia_faecis_cro,261
Roseburia_hominis_cro,259
Roseburia_inulinivorans_cro,259
Ruminococcus-gauvreauii-DSM-19829-MAF-2_cro,252
Butyricimonas-virosa-DSM-23226-MAF-2_buk,355
Butyricimonas_paravirosa_buk,355
Clostridioides_difficile_buk,352
Clostridium_beijerinckii_buk,354
Clostridium_sardiniense_buk,353
Flavonifractor_plautii_buk,350
Odoribacter_splanchnicus_buk,353
Butyricimonas-virosa-DSM-23226-MAF-2_ptb,298
Butyricimonas_paravirosa_ptb,298
Clostridioides_difficile_ptb,298
Clostridium_beijerinckii_ptb,300
Clostridium_sardiniense_ptb,299
Flavonifractor_plautii_ptb,300
Odoribacter_splanchnicus_ptb,298
Butyricimonas-virosa-DSM-23226-MAF-2_abfD,483
Butyricimonas_paravirosa_abfD,483
Clostridioides_difficile_abfD,493
Clostridium_beijerinckii_abfD,483
Clostridium_sardiniense_abfD,482
Flavonifractor_plautii_abfD,482
Odoribacter_splanchnicus_abfD,483
Butyricimonas-virosa-DSM-23226-MAF-2_abfH,370
Butyricimonas_paravirosa_abfH,370
Clostridioides_difficile_abfH,371
Clostridium_beijerinckii_abfH,324
Clostridium_sardiniense_abfH,371
Flavonifractor_plautii_abfH,371
Odoribacter_splanchnicus_abfH,369
Butyricimonas-virosa-DSM-23226-MAF-2_abfT,429
Butyricimonas_paravirosa_abfT,429
Clostridioides_difficile_abfT,434
Clostridium_beijerinckii_abfT,431
Clostridium_sardiniense_abfT,432
Flavonifractor_plautii_abfT,430
Odoribacter_splanchnicus_abfT,428
Butyricimonas-virosa-DSM-23226-MAF-2_bcd,378
Butyricimonas_paravirosa_bcd,378
Clostridioides_difficile_bcd,373
Clostridium_beijerinckii_bcd,632
Clostridium_sardiniense_bcd,375
Flavonifractor_plautii_bcd,635
Odoribacter_splanchnicus_bcd,378
Anaerofustis_stercorihominis_but,446
Anaerostipes-caccae-DSM-14662-MAF-2_but,445
Butyricicoccus_pullicaecorum_but,445
Clostridium_populeti_but,444
Clostridium_symbiosum_but,445
Anaerofustis_stercorihominis_abfD,481
Anaerostipes-caccae-DSM-14662-MAF-2_abfD,482
Butyricicoccus_pullicaecorum_abfD,479
Clostridium_populeti_abfD,482
Clostridium_symbiosum_abfD,482
Anaerofustis_stercorihominis_abfH,369
Anaerostipes-caccae-DSM-14662-MAF-2_abfH,370
Butyricicoccus_pullicaecorum_abfH,378
Clostridium_populeti_abfH,369
Clostridium_symbiosum_abfH,369
Anaerofustis_stercorihominis_abfT,430
Anaerostipes-caccae-DSM-14662-MAF-2_abfT,427
Butyricicoccus_pullicaecorum_abfT,430
Clostridium_populeti_abfT,432
Clostridium_symbiosum_abfT,427
Anaerofustis_stercorihominis_bcd,377
Anaerostipes-caccae-DSM-14662-MAF-2_bcd,630
Butyricicoccus_pullicaecorum_bcd,634
Clostridium_populeti_bcd,377
Clostridium_symbiosum_bcd,636
Acidaminococcus-intestini-D21-MAF-2_hgdC,259
Acidaminococcus_fermentans_hgdC,259
Clostridium-sp-M62-1-MAF-2_hgdC,260
Clostridium_symbiosum_hgdC,259
Filifactor_alocis_hgdC,258
Fusobacterium_gonidiaformans_hgdC,261
Fusobacterium_necrophorum_hgdC,261
Fusobacterium_nucleatum_hgdC,260
Fusobacterium_periodonticum_hgdC,260
Fusobacterium_varium_hgdC,260
Kallipyga_massiliensis_hgdC,256
Peptoniphilus_asaccharolyticus_hgdC,258
Peptoniphilus_grossensis_hgdC,260
Peptoniphilus_harei_hgdC,260
Peptoniphilus_indolicus_hgdC,259
Peptoniphilus_lacrimalis_hgdC,258
Peptoniphilus_senegalensis_hgdC,259
Peptoniphilus_timonensis_hgdC,260
Acidaminococcus-intestini-D21-MAF-2_hgdB,378
Acidaminococcus_fermentans_hgdB,378
Clostridium-sp-M62-1-MAF-2_hgdB,379
Clostridium_symbiosum_hgdB,380
Filifactor_alocis_hgdB,378
Fusobacterium_gonidiaformans_hgdB,379
Fusobacterium_necrophorum_hgdB,379
Fusobacterium_nucleatum_hgdB,378
Fusobacterium_periodonticum_hgdB,378
Fusobacterium_varium_hgdB,379
Kallipyga_massiliensis_hgdB,383
Peptoniphilus_asaccharolyticus_hgdB,380
Peptoniphilus_grossensis_hgdB,379
Peptoniphilus_harei_hgdB,379
Peptoniphilus_indolicus_hgdB,380
Peptoniphilus_lacrimalis_hgdB,379
Peptoniphilus_senegalensis_hgdB,379
Peptoniphilus_timonensis_hgdB,379
Acidaminococcus-intestini-D21-MAF-2_hgdA,473
Acidaminococcus_fermentans_hgdA,473
Clostridium-sp-M62-1-MAF-2_hgdA,474
Clostridium_symbiosum_hgdA,476
Filifactor_alocis_hgdA,420
Fusobacterium_gonidiaformans_hgdA,419
Fusobacterium_necrophorum_hgdA,419
Fusobacterium_nucleatum_hgdA,419
Fusobacterium_periodonticum_hgdA,418
Fusobacterium_varium_hgdA,419
Kallipyga_massiliensis_hgdA,411
Peptoniphilus_asaccharolyticus_hgdA,420
Peptoniphilus_grossensis_hgdA,418
Peptoniphilus_harei_hgdA,419
Peptoniphilus_indolicus_hgdA,420
Peptoniphilus_lacrimalis_hgdA,413
Peptoniphilus_senegalensis_hgdA,418
Peptoniphilus_timonensis_hgdA,419
Acidaminococcus-intestini-D21-MAF-2_gctA,317
Acidaminococcus_fermentans_gctA,318
Clostridium-sp-M62-1-MAF-2_gctA,317
Clostridium_symbiosum_gctA,317
Filifactor_alocis_gctA,315
Fusobacterium_gonidiaformans_gctA,318
Fusobacterium_necrophorum_gctA,318
Fusobacterium_nucleatum_gctA,318
Fusobacterium_periodonticum_gctA,318
Fusobacterium_varium_gctA,318
Kallipyga_massiliensis_gctA,336
Peptoniphilus_asaccharolyticus_gctA,317
Peptoniphilus_grossensis_gctA,316
Peptoniphilus_harei_gctA,318
Peptoniphilus_indolicus_gctA,317
Peptoniphilus_lacrimalis_gctA,318
Peptoniphilus_senegalensis_gctA,316
Peptoniphilus_timonensis_gctA,318
Acidaminococcus-intestini-D21-MAF-2_gctB,263
Acidaminococcus_fermentans_gctB,263
Clostridium-sp-M62-1-MAF-2_gctB,264
Clostridium_symbiosum_gctB,264
Filifactor_alocis_gctB,264
Fusobacterium_gonidiaformans_gctB,264
Fusobacterium_necrophorum_gctB,264
Fusobacterium_nucleatum_gctB,263
Fusobacterium_periodonticum_gctB,263
Fusobacterium_varium_gctB,263
Kallipyga_massiliensis_gctB,261
Peptoniphilus_asaccharolyticus_gctB,263
Peptoniphilus_grossensis_gctB,264
Peptoniphilus_harei_gctB,264
Peptoniphilus_indolicus_gctB,264
Peptoniphilus_lacrimalis_gctB,264
Peptoniphilus_senegalensis_gctB,264
Peptoniphilus_timonensis_gctB,264
Acidaminococcus-intestini-D21-MAF-2_gcdB,369
Acidaminococcus_fermentans_gcdB,369
Clostridium-sp-M62-1-MAF-2_gcdB,377
Clostridium_symbiosum_gcdB,377
Filifactor_alocis_gcdB,378
Fusobacterium_gonidiaformans_gcdB,378
Fusobacterium_necrophorum_gcdB,378
Fusobacterium_nucleatum_gcdB,370
Fusobacterium_periodonticum_gcdB,375
Fusobacterium_varium_gcdB,378
Kallipyga_massiliensis_gcdB,369
Peptoniphilus_asaccharolyticus_gcdB,378
Peptoniphilus_grossensis_gcdB,375
Peptoniphilus_harei_gcdB,375
Peptoniphilus_indolicus_gcdB,378
Peptoniphilus_lacrimalis_gcdB,374
Peptoniphilus_senegalensis_gcdB,375
Peptoniphilus_timonensis_gcdB,375
Acidaminococcus-intestini-D21-MAF-2_gcdA,585
Acidaminococcus_fermentans_gcdA,586
Clostridium-sp-M62-1-MAF-2_gcdA,587
Clostridium_symbiosum_gcdA,587
Filifactor_alocis_gcdA,584
Fusobacterium_gonidiaformans_gcdA,584
Fusobacterium_necrophorum_gcdA,584
Fusobacterium_nucleatum_gcdA,582
Fusobacterium_periodonticum_gcdA,582
Fusobacterium_varium_gcdA,584
Kallipyga_massiliensis_gcdA,581
Peptoniphilus_asaccharolyticus_gcdA,585
Peptoniphilus_grossensis_gcdA,585
Peptoniphilus_harei_gcdA,585
Peptoniphilus_indolicus_gcdA,585
Peptoniphilus_lacrimalis_gcdA,583
Peptoniphilus_senegalensis_gcdA,585
Peptoniphilus_timonensis_gcdA,585
Acidaminococcus-intestini-D21-MAF-2_but,448
Acidaminococcus_fermentans_but,433
Clostridium-sp-M62-1-MAF-2_but,446
Clostridium_symbiosum_but,445
Filifactor_alocis_but,422
Fusobacterium_gonidiaformans_but,423
Fusobacterium_necrophorum_but,425
Fusobacterium_nucleatum_but,424
Fusobacterium_periodonticum_but,430
Fusobacterium_varium_but,425
Kallipyga_massiliensis_but,446
Peptoniphilus_asaccharolyticus_but,445
Peptoniphilus_grossensis_but,446
Peptoniphilus_harei_but,446
Peptoniphilus_indolicus_but,445
Peptoniphilus_lacrimalis_but,446
Peptoniphilus_senegalensis_but,446
Peptoniphilus_timonensis_but,446
Acidaminococcus-intestini-D21-MAF-2_bcd,632
Acidaminococcus_fermentans_bcd,632
Clostridium-sp-M62-1-MAF-2_bcd,383
Clostridium_symbiosum_bcd,636
Filifactor_alocis_bcd,378
Fusobacterium_gonidiaformans_bcd,635
Fusobacterium_necrophorum_bcd,635
Fusobacterium_nucleatum_bcd,634
Fusobacterium_periodonticum_bcd,635
Fusobacterium_varium_bcd,634
Kallipyga_massiliensis_bcd,378
Peptoniphilus_asaccharolyticus_bcd,641
Peptoniphilus_grossensis_bcd,638
Peptoniphilus_harei_bcd,376
Peptoniphilus_indolicus_bcd,641
Peptoniphilus_lacrimalis_bcd,638
Peptoniphilus_senegalensis_bcd,376
Peptoniphilus_timonensis_bcd,638
Alistipes-putredinis-DSM-17216-MAF-2_kal,125
Butyricimonas-virosa-DSM-23226-MAF-2_kal,126
Butyricimonas_faecihominis_kal,126
Butyricimonas_paravirosa_kal,126
Butyricimonas_synergistica_kal,126
Cetobacterium_somerae_kal,126
Clostridium_felsineum_kal,126
Clostridium_lituseburense_kal,124
Clostridium_putrefaciens_kal,125
Clostridium_senegalense_kal,125
Clostridium_sticklandii_kal,125
Eubacterium_ramulus_kal,125
Flavonifractor_plautii_kal,123
Fusobacterium_gonidiaformans_kal,125
Fusobacterium_necrophorum_kal,125
Fusobacterium_nucleatum_kal,125
Fusobacterium_periodonticum_kal,125
Fusobacterium_russii_kal,125
Fusobacterium_varium_kal,125
Intestinimonas_butyriciproducens_kal,124
Lachnoanaerobaculum_umeaense_kal,126
Odoribacter_laneus_kal,126
Odoribacter_splanchnicus_kal,122
Porphyromonas_asaccharolytica_kal,122
Porphyromonas_endodontalis_kal,122
Porphyromonas_gingivalis_kal,125
Porphyromonas_somerae_kal,124
Porphyromonas_uenonis_kal,124
Tissierella_praeacuta_kal,126
Tumebacillus_permanentifrigoris_kal,126
Alistipes-putredinis-DSM-17216-MAF-2_kamA,409
Butyricimonas-virosa-DSM-23226-MAF-2_kamA,410
Butyricimonas_faecihominis_kamA,410
Butyricimonas_paravirosa_kamA,410
Butyricimonas_synergistica_kamA,410
Cetobacterium_somerae_kamA,403
Clostridium_felsineum_kamA,413
Clostridium_lituseburense_kamA,406
Clostridium_putrefaciens_kamA,413
Clostridium_senegalense_kamA,410
Clostridium_sticklandii_kamA,406
Eubacterium_ramulus_kamA,411
Flavonifractor_plautii_kamA,412
Fusobacterium_gonidiaformans_kamA,407
Fusobacterium_necrophorum_kamA,407
Fusobacterium_nucleatum_kamA,418
Fusobacterium_periodonticum_kamA,418
Fusobacterium_russii_kamA,416
Fusobacterium_varium_kamA,411
Intestinimonas_butyriciproducens_kamA,416
Lachnoanaerobaculum_umeaense_kamA,411
Odoribacter_laneus_kamA,408
Odoribacter_splanchnicus_kamA,408
Porphyromonas_asaccharolytica_kamA,411
Porphyromonas_endodontalis_kamA,412
Porphyromonas_gingivalis_kamA,409
Porphyromonas_somerae_kamA,409
Porphyromonas_uenonis_kamA,411
Tissierella_praeacuta_kamA,412
Tumebacillus_permanentifrigoris_kamA,414
Alistipes-putredinis-DSM-17216-MAF-2_kamD,515
Butyricimonas-virosa-DSM-23226-MAF-2_kamD,514
Butyricimonas_faecihominis_kamD,514
Butyricimonas_paravirosa_kamD,514
Butyricimonas_synergistica_kamD,514
Cetobacterium_somerae_kamD,514
Clostridium_felsineum_kamD,514
Clostridium_lituseburense_kamD,516
Clostridium_putrefaciens_kamD,516
Clostridium_senegalense_kamD,516
Clostridium_sticklandii_kamD,514
Eubacterium_ramulus_kamD,515
Flavonifractor_plautii_kamD,515
Fusobacterium_gonidiaformans_kamD,516
Fusobacterium_necrophorum_kamD,516
Fusobacterium_nucleatum_kamD,514
Fusobacterium_periodonticum_kamD,514
Fusobacterium_russii_kamD,517
Fusobacterium_varium_kamD,516
Intestinimonas_butyriciproducens_kamD,514
Lachnoanaerobaculum_umeaense_kamD,514
Odoribacter_laneus_kamD,512
Odoribacter_splanchnicus_kamD,514
Porphyromonas_asaccharolytica_kamD,514
Porphyromonas_endodontalis_kamD,513
Porphyromonas_gingivalis_kamD,514
Porphyromonas_somerae_kamD,515
Porphyromonas_uenonis_kamD,514
Tissierella_praeacuta_kamD,514
Tumebacillus_permanentifrigoris_kamD,512
Alistipes-putredinis-DSM-17216-MAF-2_kamE,259
Butyricimonas-virosa-DSM-23226-MAF-2_kamE,260
Butyricimonas_faecihominis_kamE,260
Butyricimonas_paravirosa_kamE,260
Butyricimonas_synergistica_kamE,260
Cetobacterium_somerae_kamE,260
Clostridium_felsineum_kamE,260
Clostridium_lituseburense_kamE,257
Clostridium_putrefaciens_kamE,259
Clostridium_senegalense_kamE,260
Clostridium_sticklandii_kamE,260
Eubacterium_ramulus_kamE,257
Flavonifractor_plautii_kamE,259
Fusobacterium_gonidiaformans_kamE,260
Fusobacterium_necrophorum_kamE,260
Fusobacterium_nucleatum_kamE,260
Fusobacterium_periodonticum_kamE,260
Fusobacterium_russii_kamE,260
Fusobacterium_varium_kamE,260
Intestinimonas_butyriciproducens_kamE,259
Lachnoanaerobaculum_umeaense_kamE,259
Odoribacter_laneus_kamE,260
Odoribacter_splanchnicus_kamE,260
Porphyromonas_asaccharolytica_kamE,259
Porphyromonas_endodontalis_kamE,259
Porphyromonas_gingivalis_kamE,260
Porphyromonas_somerae_kamE,259
Porphyromonas_uenonis_kamE,259
Tissierella_praeacuta_kamE,245
Tumebacillus_permanentifrigoris_kamE,247
Alistipes-putredinis-DSM-17216-MAF-2_kce,272
Butyricimonas-virosa-DSM-23226-MAF-2_kce,272
Butyricimonas_faecihominis_kce,272
Butyricimonas_paravirosa_kce,272
Butyricimonas_synergistica_kce,272
Cetobacterium_somerae_kce,271
Clostridium_felsineum_kce,270
Clostridium_lituseburense_kce,271
Clostridium_putrefaciens_kce,272
Clostridium_senegalense_kce,272
Clostridium_sticklandii_kce,271
Eubacterium_ramulus_kce,271
Flavonifractor_plautii_kce,270
Fusobacterium_gonidiaformans_kce,269
Fusobacterium_necrophorum_kce,269
Fusobacterium_nucleatum_kce,270
Fusobacterium_periodonticum_kce,270
Fusobacterium_russii_kce,270
Fusobacterium_varium_kce,270
Intestinimonas_butyriciproducens_kce,278
Lachnoanaerobaculum_umeaense_kce,271
Odoribacter_laneus_kce,271
Odoribacter_splanchnicus_kce,272
Porphyromonas_asaccharolytica_kce,271
Porphyromonas_endodontalis_kce,271
Porphyromonas_gingivalis_kce,271
Porphyromonas_somerae_kce,271
Porphyromonas_uenonis_kce,271
Tissierella_praeacuta_kce,270
Tumebacillus_permanentifrigoris_kce,269
Alistipes-putredinis-DSM-17216-MAF-2_kdd,345
Butyricimonas-virosa-DSM-23226-MAF-2_kdd,345
Butyricimonas_faecihominis_kdd,345
Butyricimonas_paravirosa_kdd,345
Butyricimonas_synergistica_kdd,345
Cetobacterium_somerae_kdd,343
Clostridium_felsineum_kdd,343
Clostridium_lituseburense_kdd,341
Clostridium_putrefaciens_kdd,343
Clostridium_senegalense_kdd,346
Clostridium_sticklandii_kdd,342
Eubacterium_ramulus_kdd,340
Flavonifractor_plautii_kdd,343
Fusobacterium_gonidiaformans_kdd,343
Fusobacterium_necrophorum_kdd,343
Fusobacterium_nucleatum_kdd,343
Fusobacterium_periodonticum_kdd,343
Fusobacterium_russii_kdd,343
Fusobacterium_varium_kdd,344
Intestinimonas_butyriciproducens_kdd,343
Lachnoanaerobaculum_umeaense_kdd,343
Odoribacter_laneus_kdd,345
Odoribacter_splanchnicus_kdd,345
Porphyromonas_asaccharolytica_kdd,345
Porphyromonas_endodontalis_kdd,345
Porphyromonas_gingivalis_kdd,345
Porphyromonas_somerae_kdd,344
Porphyromonas_uenonis_kdd,345
Tissierella_praeacuta_kdd,344
Tumebacillus_permanentifrigoris_kdd,343
Alistipes-putredinis-DSM-17216-MAF-2_atoA,217
Butyricimonas-virosa-DSM-23226-MAF-2_atoA,216
Butyricimonas_faecihominis_atoA,216
Butyricimonas_synergistica_atoA,216
Cetobacterium_somerae_atoA,215
Clostridium_felsineum_atoA,216
Clostridium_lituseburense_atoA,210
Clostridium_putrefaciens_atoA,212
Clostridium_senegalense_atoA,217
Clostridium_sticklandii_atoA,212
Eubacterium_ramulus_atoA,216
Flavonifractor_plautii_atoA,217
Fusobacterium_gonidiaformans_atoA,215
Fusobacterium_necrophorum_atoA,215
Fusobacterium_nucleatum_atoA,214
Fusobacterium_periodonticum_atoA,212
Fusobacterium_russii_atoA,211
Fusobacterium_varium_atoA,215
Intestinimonas_butyriciproducens_atoA,218
Lachnoanaerobaculum_umeaense_atoA,211
Odoribacter_laneus_atoA,217
Odoribacter_splanchnicus_atoA,216
Porphyromonas_asaccharolytica_atoA,217
Porphyromonas_endodontalis_atoA,218
Porphyromonas_gingivalis_atoA,218
Porphyromonas_somerae_atoA,217
Porphyromonas_uenonis_atoA,217
Tissierella_praeacuta_atoA,213
Tumebacillus_permanentifrigoris_atoA,208
Alistipes-putredinis-DSM-17216-MAF-2_atoD,213
Butyricimonas-virosa-DSM-23226-MAF-2_atoD,213
Butyricimonas_faecihominis_atoD,213
Butyricimonas_paravirosa_atoD,213
Butyricimonas_synergistica_atoD,213
Cetobacterium_somerae_atoD,213
Clostridium_felsineum_atoD,213
Clostridium_lituseburense_atoD,214
Clostridium_putrefaciens_atoD,214
Clostridium_senegalense_atoD,215
Clostridium_sticklandii_atoD,214
Eubacterium_ramulus_atoD,219
Flavonifractor_plautii_atoD,224
Fusobacterium_gonidiaformans_atoD,214
Fusobacterium_necrophorum_atoD,214
Fusobacterium_nucleatum_atoD,213
Fusobacterium_periodonticum_atoD,213
Fusobacterium_russii_atoD,213
Fusobacterium_varium_atoD,212
Intestinimonas_butyriciproducens_atoD,212
Lachnoanaerobaculum_umeaense_atoD,213
Odoribacter_laneus_atoD,213
Odoribacter_splanchnicus_atoD,213
Porphyromonas_asaccharolytica_atoD,212
Porphyromonas_endodontalis_atoD,213
Porphyromonas_gingivalis_atoD,212
Porphyromonas_somerae_atoD,213
Porphyromonas_uenonis_atoD,212
Tissierella_praeacuta_atoD,214
Tumebacillus_permanentifrigoris_atoD,210
Alistipes-putredinis-DSM-17216-MAF-2_bcd,378
Butyricimonas-virosa-DSM-23226-MAF-2_bcd,378
Butyricimonas_faecihominis_bcd,378
Butyricimonas_paravirosa_bcd,378
Butyricimonas_synergistica_bcd,378
Cetobacterium_somerae_bcd,380
Clostridium_felsineum_bcd,376
Clostridium_lituseburense_bcd,370
Clostridium_putrefaciens_bcd,377
Clostridium_senegalense_bcd,378
Clostridium_sticklandii_bcd,378
Eubacterium_ramulus_bcd,387
Flavonifractor_plautii_bcd,635
Fusobacterium_gonidiaformans_bcd,635
Fusobacterium_necrophorum_bcd,635
Fusobacterium_nucleatum_bcd,634
Fusobacterium_periodonticum_bcd,635
Fusobacterium_russii_bcd,632
Fusobacterium_varium_bcd,634
Intestinimonas_butyriciproducens_bcd,633
Lachnoanaerobaculum_umeaense_bcd,634
Odoribacter_laneus_bcd,378
Odoribacter_splanchnicus_bcd,378
Porphyromonas_asaccharolytica_bcd,378
Porphyromonas_endodontalis_bcd,378
Porphyromonas_gingivalis_bcd,378
Porphyromonas_somerae_bcd,378
Porphyromonas_uenonis_bcd,378
Tissierella_praeacuta_bcd,378
Tumebacillus_permanentifrigoris_bcd,379
