"","x"
"1","Escherichia coli"
"2","Bifidobacterium bifidum"
"3","Bifidobacterium longum"
"4","Enterococcus faecalis"
"5","[Ruminococcus] gnavus"
"6","Veillonella atypica"
"7","Bifidobacterium breve"
"8","Klebsiella pneumoniae"
"9","Veillonella parvula"
"10","Clostridium sp. MSTE9"
"11","Megasphaera micronuciformis"
"12","Streptococcus salivarius"
"13","Clostridioides difficile"
"14","Stenotrophomonas maltophilia"
"15","Enterococcus faecium"
"16","Veillonella dispar"
"17","Actinomyces sp. oral taxon 181"
"18","Clostridium paraputrificum"
"19","Klebsiella quasipneumoniae"
"20","Klebsiella variicola"
"21","Clostridium perfringens"
"22","Streptococcus parasanguinis"
"23","Veillonella infantium"
"24","Streptococcus vestibularis"
"25","Bifidobacterium pseudolongum"
"26","[Clostridium] leptum"
"27","Raoultella ornithinolytica"
"28","Streptococcus mitis"
"29","Rothia mucilaginosa"
"30","Enterococcus avium"
"31","Lactobacillus paragasseri"
"32","Cutibacterium acnes"
"33","Kluyvera cryocrescens"
"34","Veillonella sp. T11011-6"
"35","Lactobacillus gasseri"
"36","Schaalia odontolytica"
"37","Veillonella seminalis"
"38","Haemophilus parainfluenzae"
"39","Streptococcus infantis"
"40","Haemophilus sp. HMSC71H05"
"41","Erysipelatoclostridium ramosum"
"42","Streptococcus peroris"
"43","Parascardovia denticolens"
"44","Streptococcus oralis"
"45","Fusobacterium periodonticum"
"46","Citrobacter freundii"
"47","Citrobacter youngae"
"48","Gemella haemolysans"
"49","Streptococcus sp. A12"
"50","Citrobacter werkmanii"
"51","Gemella sanguinis"
"52","Prevotella bivia"
"53","Aggregatibacter segnis"
"54","Streptococcus australis"
"55","Gemella morbillorum"
"56","Phocaeicola vulgatus"
"57","Clostridium butyricum"
"58","Bifidobacterium pseudocatenulatum"
"59","Pediococcus acidilactici"
"60","Lacticaseibacillus rhamnosus"
"61","Klebsiella oxytoca"
"62","Eggerthella lenta"
"63","Enterococcus casseliflavus"
"64","Clostridium neonatale"
"65","Gordonibacter pamelaeae"
"66","Dickeya fangzhongdai"
"67","Intestinibacter bartlettii"
"68","[Clostridium] spiroforme"
"69","Enterococcus gallinarum"
"70","Aeriscardovia aeriphila"
"71","Dickeya chrysanthemi"
"72","Finegoldia magna"
"73","Enterococcus dispar"
"74","Klebsiella michiganensis"
"75","Cellulosilyticum lentocellum"
"76","Prevotella buccae"
"77","Adlercreutzia caecimuris"
"78","Actinomyces urogenitalis"
"79","Varibaculum cambriense"
"80","Corynebacterium accolens"
"81","Raoultella planticola"
"82","Corynebacterium pseudodiphtheriticum"
"83","Streptococcus sp. HMSC071D03"
"84","Dolosigranulum pigrum"
"85","Corynebacterium pseudogenitalium"
"86","Alistipes finegoldii"
"87","Prevotella copri"
"88","Alistipes putredinis"
"89","Bacteroides uniformis"
"90","Phocaeicola dorei"
"91","Parabacteroides merdae"
"92","Bacteroides intestinalis"
"93","Phocaeicola plebeius"
"94","Eubacterium sp. CAG:251"
"95","Bacteroides caccae"
"96","Bacteroides clarus"
"97","Ruminococcus bromii"
"98","Odoribacter splanchnicus"
"99","[Eubacterium] rectale"
"100","Parasutterella excrementihominis"
"101","Roseburia hominis"
"102","Bacteroides ovatus"
"103","Holdemanella biformis"
"104","Faecalibacterium prausnitzii"
"105","Bacteroides salyersiae"
"106","Akkermansia muciniphila"
"107","Parabacteroides goldsteinii"
"108","Eubacterium sp. CAG:38"
"109","Alistipes inops"
"110","Alistipes shahii"
"111","Bacteroides eggerthii"
"112","Coprococcus eutactus"
"113","Ruminococcus sp. CAG:488"
"114","Dialister invisus"
"115","Oscillibacter sp. 57_20"
"116","Coprobacter secundus"
"117","Ruthenibacterium lactatiformans"
"118","Roseburia intestinalis"
"119","Roseburia sp. CAG:182"
"120","Firmicutes bacterium CAG:110"
"121","Lachnospira eligens"
"122","Firmicutes bacterium CAG:95"
"123","Streptococcus thermophilus"
"124","Firmicutes bacterium CAG:534"
"125","Eubacterium ventriosum"
"126","Coprococcus comes"
"127","Bifidobacterium adolescentis"
"128","Oscillibacter sp. CAG:241"
"129","Alistipes indistinctus"
"130","Turicimonas muris"
"131","Bilophila wadsworthia"
"132","Roseburia inulinivorans"
"133","Proteobacteria bacterium CAG:139"
"134","Ruminococcus sp. CAG:624"
"135","Fusicatenibacter saccharivorans"
"136","Gemmiger formicilis"
"137","Lawsonibacter asaccharolyticus"
"138","Ruminococcaceae bacterium D5"
"139","Clostridium sp. CAG:58"
"140","Dorea longicatena"
"141","Clostridium sp. CAG:167"
"142","Blautia obeum"
"143","Methanobrevibacter smithii"
"144","Anaeromassilibacillus sp. An250"
"145","Intestinimonas butyriciproducens"
"146","Ruminococcus sp. CAG:403"
"147","Bacteroides xylanisolvens"
"148","Alistipes timonensis"
"149","Oxalobacter formigenes"
"150","Adlercreutzia equolifaciens"
"151","[Eubacterium] siraeum"
"152","Butyricimonas virosa"
"153","Blautia wexlerae"
"154","Anaerostipes hadrus"
"155","Anaerobutyricum hallii"
"156","Ruminococcus bicirculans"
"157","Eubacterium ramulus"
"158","Collinsella aerofaciens"
"159","Eubacterium sp. CAG:180"
"160","Bifidobacterium angulatum"
"161","Sellimonas intestinalis"
"162","Actinomyces naeslundii"
"163","Flavonifractor plautii"
"164","Actinomyces oris"
"165","Bifidobacterium catenulatum"
"166","Enorma massiliensis"
"167","Collinsella intestinalis"
"168","[Clostridium] symbiosum"
"169","Phascolarctobacterium succinatutens"
"170","Acidaminococcus intestini"
"171","Bacteroides stercoris"
"172","Roseburia faecis"
"173","Barnesiella intestinihominis"
"174","Bacteroides finegoldii"
"175","Parabacteroides distasonis"
"176","Paraprevotella xylaniphila"
"177","Bacteroides thetaiotaomicron"
"178","Phocaeicola massiliensis"
"179","Blastocystis sp. subtype 1"
"180","[Ruminococcus] torques"
"181","Agathobaculum butyriciproducens"
"182","Butyricimonas synergistica"
"183","Paraprevotella clara"
"184","Dorea formicigenerans"
"185","Lachnospira pectinoschiza"
"186","Prevotella sp. CAG:1185"
"187","Bacteroides sp. CAG:144"
"188","Alistipes onderdonkii"
"189","Coprobacter fastidiosus"
"190","Victivallis vadensis"
"191","Phascolarctobacterium faecium"
"192","Clostridium sp. CAG:413"
"193","Phocaeicola coprocola"
"194","Firmicutes bacterium CAG:238"
"195","Bacteroides fragilis"
"196","Phascolarctobacterium sp. CAG:266"
"197","Desulfovibrio piger"
"198","Monoglobus pectinilyticus"
"199","Firmicutes bacterium CAG:170"
"200","Allisonella histaminiformans"
"201","Lactobacillus rogosae"
"202","Roseburia sp. CAG:309"
"203","Firmicutes bacterium CAG:83"
"204","Bacteroides cellulosilyticus"
"205","Sanguibacteroides justesenii"
"206","Desulfovibrionaceae bacterium"
"207","Coprococcus catus"
"208","Pseudoflavonifractor sp. An184"
"209","Prevotella sp. CAG:5226"
"210","Prevotella timonensis"
"211","Campylobacter hominis"
"212","Enterocloster citroniae"
"213","Eisenbergiella tayi"
"214","Latilactobacillus curvatus"
"215","Enterocloster asparagiformis"
"216","Parvimonas micra"
"217","Porphyromonas asaccharolytica"
"218","Coprobacillus cateniformis"
"219","Prevotella buccalis"
"220","Bacteroides nordii"
"221","Enterocloster bolteae"
"222","Streptococcus milleri"
"223","Bacteroides faecis"
"224","Bacteroides faecis CAG:32"
"225","Escherichia marmotae"
"226","Megamonas funiformis"
"227","Megamonas hypermegale"
"228","Lactobacillus johnsonii"
"229","Megasphaera stantonii"
"230","Firmicutes bacterium CAG:145"
"231","Schaalia turicensis"
"232","[Clostridium] innocuum"
"233","Prevotella corporis"
"234","Prevotella disiens"
"235","Fannyhessea vaginae"
"236","Cloacibacillus porcorum"
"237","Lactobacillus delbrueckii"
"238","Facklamia hominis"
"239","Christensenella minuta"
"240","Slackia isoflavoniconvertens"
"241","Eubacterium limosum"
"242","Staphylococcus epidermidis"
"243","Lachnoclostridium sp. An138"
"244","Butyrivibrio crossotus"
"245","Bifidobacterium animalis"
"246","Eubacterium sp. OM08-24"
"247","Enterocloster lavalensis"
"248","Leuconostoc mesenteroides"
"249","Methanosphaera stadtmanae"
"250","Lactococcus lactis"
"251","Bifidobacterium mongoliense"
"252","Roseburia sp. CAG:471"
"253","Actinomyces sp. ICM47"
"254","Limosilactobacillus antri"
"255","Hungatella hathewayi"
"256","Ruminococcus sp. CAG:330"
"257","Anaeroglobus geminatus"
"258","Hafnia paralvei"
"259","Lactobacillus melliventris"
"260","Lactobacillus helsingborgensis"
"261","Tyzzerella nexilis"
"262","Bifidobacterium dentium"
"263","[Ruminococcus] lactaris"
"264","Ruminococcus callidus"
"265","Turicibacter sanguinis"
"266","Bacteroides galacturonicus"
"267","Holdemania filiformis"
"268","Corynebacterium kroppenstedtii"
"269","Bifidobacterium actinocoloniiforme"
"270","Bifidobacterium bohemicum"
"271","Streptococcus salivarius CAG:79"
"272","Streptococcus sp. M334"
"273","Rothia dentocariosa"
"274","Neisseria cinerea"
"275","Streptococcus sanguinis"
"276","Haemophilus haemolyticus"
"277","Haemophilus parahaemolyticus"
"278","Streptococcus pseudopneumoniae"
"279","Corynebacterium durum"
"280","Neisseria sicca"
"281","Haemophilus paraphrohaemolyticus"
"282","Rothia aeria"
"283","Haemophilus influenzae"
"284","Moraxella nonliquefaciens"
"285","Neisseria gonorrhoeae"
"286","Kingella kingae"
"287","Corynebacterium matruchotii"
"288","Streptococcus cristatus"
"289","Neisseria mucosa"
"290","Veillonella rogosae"
"291","Moraxella lincolnii"
"292","Streptococcus sp. oral taxon 056"
"293","Abiotrophia defectiva"
"294","Capnocytophaga sputigena"
"295","Streptococcus gordonii"
"296","Abiotrophia sp. HMSC24B09"
"297","Megasphaera sp. MJR8396C"
"298","Clostridium disporicum"
"299","Blautia sp. CAG:257"
"300","Romboutsia ilealis"
"301","Blautia hansenii"
"302","Clostridium bolteae CAG:59"
"303","Lacrimispora saccharolytica"
"304","Catenibacterium mitsuokai"
"305","Dialister succinatiphilus"
"306","Pseudoflavonifractor capillosus"
"307","Anaerotruncus colihominis"
"308","Dialister sp. CAG:357"
"309","Mitsuokella multacida"
"310","Candidatus Methanomassiliicoccus intestinalis"
"311","Parabacteroides johnsonii"
"312","Faecalitalea cylindroides"
"313","Eubacterium sp. CAG:274"
"314","Firmicutes bacterium CAG:94"
"315","Megasphaera sp. DISK 18"
"316","Clostridium sp. CAG:253"
"317","Flavonifractor sp. An100"
"318","Desulfovibrio fairfieldensis"
"319","Clostridium sp. CAG:242"
"320","Faecalicoccus pleomorphus"
"321","Mitsuokella jalaludinii"
"322","Ruminococcaceae bacterium D16"
"323","Hafnia alvei"
"324","Ligilactobacillus ruminis"
"325","Oscillibacter sp. PC13"
"326","Harryflintia acetispora"
"327","Prevotella sp. CAG:1124"
"328","Prevotella sp. CAG:279"
"329","Roseburia sp. CAG:303"
"330","Dielma fastidiosa"
"331","Blautia hydrogenotrophica"
"332","Enterocloster aldenensis"
"333","Enterocloster clostridioformis"
"334","Peptostreptococcus anaerobius"
"335","Bacteroides sp. CAG:927"
"336","Phocaeicola coprophilus"
"337","Acidaminococcus fermentans"
"338","Clostridium celatum"
"339","Eubacteriaceae bacterium CHKCI005"
"340","Clostridiales bacterium CHKCI006"
"341","Prevotella stercorea"
"342","Bacteroides sp. CAG:443"
"343","Parabacteroides sp. CAG:409"
"344","Corynebacterium casei"
"345","Methanobrevibacter oralis"
"346","Clostridium sp. CAG:411"
"347","Prevotella sp. oral taxon 376"
"348","[Bacteroides] pectinophilus"
"349","Tractidigestivibacter scatoligenes"
"350","Peptostreptococcus stomatis"
"351","Enterobacter mori"
"352","Lactococcus petauri"
"353","Propionibacterium freudenreichii"
"354","Leuconostoc pseudomesenteroides"
"355","Lactococcus garvieae"
"356","Weissella cibaria"
"357","Levilactobacillus brevis"
"358","Streptococcus lutetiensis"
"359","Parabacteroides gordonii"
"360","Clostridium sp. chh4-2"
"361","[Clostridium] methylpentosum"
"362","Ruminococcus obeum CAG:39"
"363","Massilimicrobiota timonensis"
"364","Blautia producta"
"365","Blautia sp. An249"
"366","Anaerotignum lactatifermentans"
"367","Odoribacter laneus"
"368","Candidatus Gastranaerophilales bacterium"
"369","Alistipes sp. An31A"
"370","Corynebacterium argentoratense"
"371","Lactobacillus acidophilus"
"372","Clostridium sp. CAG:299"
"373","Haemophilus pittmaniae"
"374","Megamonas funiformis CAG:377"
"375","Fusobacterium sp. CAG:439"
"376","Coprobacter sp."
"377","Prevotella sp. CAG:891"
"378","Limosilactobacillus reuteri"
"379","Gardnerella vaginalis"
"380","Prevotella amnii"
"381","Mageeibacillus indolicus"
"382","Veillonellaceae bacterium DNF00626"
"383","Sneathia vaginalis"
"384","Mobiluncus curtisii"
"385","Tissierellia bacterium KA00581"
"386","Peptoniphilus lacrimalis"
"387","Veillonella tobetsuensis"
"388","Ureaplasma parvum"
"389","Gemella asaccharolytica"
"390","Dialister micraerophilus"
"391","Ezakiella coagulans"
"392","Peptoniphilus sp. HMSC062D09"
"393","Murimonas intestini"
"394","Phocaeicola sartorii"
"395","Lactobacillus iners"
"396","Megasphaera elsdenii"
"397","Prevotella sp. CAG:520"
"398","Prevotella sp. AM42-24"
"399","Firmicutes bacterium CAG:791"
"400","Eubacterium sp. CAG:786"
"401","Campylobacter concisus"
"402","Bacteroides faecichinchillae"
"403","Anaerotruncus sp. CAG:528"
"404","Alistipes sp. An66"
"405","Flavonifractor sp. An10"
"406","Clostridium sp. CAG:964"
"407","Eubacterium callanderi"
"408","[Butyribacterium] methylotrophicum"
"409","Streptococcus mutans"
"410","Alloscardovia omnicolens"
"411","Campylobacter upsaliensis"
"412","Citrobacter braakii"
"413","Arcanobacterium haemolyticum"
"414","Prevotella colorans"
"415","Lactonifactor longoviformis"
"416","Bacteroides sp. OM08-11"
"417","Atopobium minutum"
"418","Eisenbergiella massiliensis"
"419","Clostridium sp. CAG:678"
"420","Firmicutes bacterium CAG:424"
"421","Blautia argi"
"422","Eubacterium dolichum CAG:375"
"423","Amedibacillus dolichus"
"424","Dorea sp. CAG:317"
"425","Lachnoclostridium sp. An131"
"426","Actinomyces sp. HMSC035G02"
"427","Streptococcus sp. F0442"
"428","Streptococcus sobrinus"
"429","Ligilactobacillus salivarius"
"430","Butyrivibrio sp. CAG:318"
"431","Firmicutes bacterium CAG:555"
"432","Comamonas kerstersii"
"433","[Clostridium] scindens"
"434","Clostridiales bacterium 1_7_47FAA"
"435","Fusobacterium ulcerans"
"436","Dorea sp. D27"
"437","Bacteroides sp. CAG:633"
"438","Alistipes sp. CHKCI003"
"439","Campylobacter gracilis"
"440","Streptococcus equinus"
"441","Actinomyces graevenitzii"
"442","Fusobacterium nucleatum"
"443","Fusobacterium necrophorum"
"444","Gleimia europaea"
"445","Porphyromonas uenonis"
"446","Peptoniphilus sp. BV3C26"
"447","Prevotella sp. CAG:755"
"448","Prevotella sp. S7-1-8"
"449","Fusobacterium naviforme"
"450","Campylobacter ureolyticus"
"451","Jonquetella anthropi"
"452","Lawsonella clevelandensis"
"453","Eggerthia catenaformis"
"454","Atopobium deltae"
"455","Porphyromonas sp. HMSC065F10"
"456","Peptococcus niger"
"457","Peptoniphilus duerdenii"
"458","Prevotella sp. CAG:1031"
"459","[Clostridium] hylemonae"
"460","Blautia coccoides"
"461","Haemophilus sputorum"
"462","Veillonella rodentium"
"463","Terrisporobacter othiniensis"
"464","Bacteroides sp. D2"
"465","Anaerostipes caccae"
"466","Bifidobacterium pullorum"
"467","Sarcina ventriculi"
"468","Butyricicoccus pullicaecorum"
"469","Lachnoclostridium sp. An169"
"470","Enterococcus durans"
"471","Pediococcus pentosaceus"
"472","Clostridium sp. CAG:510"
"473","Bacteroides sp. CAG:661"
"474","Rikenella microfusus"
"475","Citrobacter europaeus"
"476","Christensenella hongkongensis"
"477","Prevotella sp. CAG:1058"
"478","Desulfovibrio sp. An276"
"479","Bacteroides sp. 43_108"
"480","Succinatimonas hippei"
"481","Brachyspira sp. CAG:700"
"482","Candidatus Stoquefichus sp. KLE1796"
"483","Firmicutes bacterium CAG:646"
"484","Anaerofustis stercorihominis"
"485","Peptostreptococcus sp. MV1"
"486","Peptoniphilus harei"
"487","Bacteroides stercorirosoris"
"488","Leuconostoc gelidum"
"489","Anaerococcus vaginalis"
"490","Prevotella sp. CAG:617"
"491","Fusobacterium gonidiaformans"
"492","Parvimonas sp. KA00067"
"493","Clostridium sp. CAG:632"
"494","Paeniclostridium sordellii"
"495","Bacteroides fluxus"
"496","Prevotella sp. 885"
"497","Ruminococcus sp. CAG:579"
"498","Citrobacter pasteurii"
"499","Lactiplantibacillus plantarum"
"500","Leuconostoc lactis"
"501","Bacteroides sp. CAG:598"
"502","Citrobacter sp. MGH106"
"503","Actinomyces sp. HPA0247"
"504","Clostridium sp. D5"
"505","Anaerofilum sp. An201"
"506","Eubacterium coprostanoligenes"
"507","Prevotella sp. CAG:1092"
"508","Lactobacillus crispatus"
"509","Leuconostoc carnosum"
"510","Latilactobacillus sakei"
"511","Dellaglioa algida"
"512","Pediococcus argentinicus"
"513","Mycoplasma hominis"
"514","Peptoniphilus sp. DNF00840"
"515","Bacteroidales bacterium KA00251"
"516","Anaerococcus tetradius"
"517","Solobacterium moorei"
"518","Leuconostoc citreum"
"519","Roseburia sp. 831b"
"520","Weissella confusa"
"521","Limosilactobacillus mucosae"
"522","Barnesiella sp. An22"
"523","Fusobacterium sp. oral taxon 370"
"524","Porphyromonas endodontalis"
"525","Wohlfahrtiimonas sp. G9077"
"526","Aggregatibacter aphrophilus"
"527","Tannerella forsythia"
"528","Limosilactobacillus fermentum"
"529","Clostridium sp. CAG:590"
"530","Muribaculum intestinale"
"531","Bacteroides caecimuris"
"532","Lactococcus raffinolactis"
"533","Eubacterium sp. An11"
"534","Lachnoclostridium sp. An118"
"535","Lactobacillus ultunensis"
"536","Limosilactobacillus vaginalis"
"537","Limosilactobacillus oris"
"538","Helicobacter equorum"
"539","Pasteurella bettyae"
"540","Prevotella sp. CAG:924"
"541","Streptococcus sp. HMSC034E03"
"542","Barnesiella viscericola"
"543","Anaerococcus lactolyticus"
"544","Methanosphaera cuniculi"
"545","Ureaplasma urealyticum"
"546","Morganella morganii"
"547","Saccharomyces cerevisiae"
"548","Prevotella sp. CAG:485"
"549","Parabacteroides chinchillae"
"550","Streptococcus parauberis"
"551","Gemmiger sp. An87"
"552","Actinomyces sp. S6-Spd3"
"553","Limosilactobacillus gastricus"
"554","Pyramidobacter piscolens"
"555","Subdoligranulum variabile"
"556","Ruminococcus sp. CAG:563"
"557","Aliarcobacter butzleri"
"558","Faecalicatena orotica"
"559","Macrococcus caseolyticus"
"560","Clavibacter michiganensis"
"561","Staphylococcus saprophyticus"
"562","Weissella viridescens"
"563","Bacteroides sp. CAG:462"
"564","Leuconostoc garlicum"
"565","Actinobaculum sp. oral taxon 183"
"566","Prevotella sp. CAG:1320"
"567","Bifidobacterium aquikefiri"
"568","Lactobacillus kefiranofaciens"
"569","Lactococcus piscium"
"570","Yersinia enterocolitica"
"571","Bacteroides sp. CAG:530"
"572","Ligilactobacillus animalis"
"573","Pseudomonas fragi"
"574","Barnesiella sp. An55"
"575","Erysipelothrix larvae"
"576","Duncaniella muris"
"577","Candida albicans"
"578","Dialister pneumosintes"
"579","Bifidobacterium merycicum"
"580","Limosilactobacillus ingluviei"
"581","Streptococcus infantarius"
"582","Scardovia wiggsiae"
"583","Oribacterium parvum"
"584","Oribacterium sinus"
"585","Actinomyces sp. oral taxon 448"
"586","Neisseria subflava"
"587","Neisseria flavescens"
"588","Weizmannia coagulans"
"589","Prevotella bergensis"
"590","Prevotella melaninogenica"
"591","Bacteroides sp. OM05-12"
"592","Streptococcus pasteurianus"
"593","Streptococcus gallolyticus"
"594","Fusobacterium equinum"
"595","Prevotella sp. CAG:873"
"596","Anaerobiospirillum thomasii"
"597","Clostridium baratii"
"598","Streptococcus agalactiae"
"599","Pseudoflavonifractor sp. An85"
"600","Methanobrevibacter arboriphilus"
"601","Leclercia adecarboxylata"
"602","Citrobacter portucalensis"
"603","Serratia rubidaea"
"604","Peptoniphilus coxii"
"605","Lactobacillus amylovorus"
"606","Marvinbryantia formatexigens"
"607","Companilactobacillus alimentarius"
"608","Companilactobacillus versmoldensis"
"609","Staphylococcus equorum"
"610","Staphylococcus xylosus"
"611","Enhydrobacter aerosaccus"
"612","Moraxella osloensis"
"613","Fructilactobacillus sanfranciscensis"
"614","Citrobacter koseri"
"615","Lachnoclostridium sp. An14"
"616","Criibacterium bergeronii"
"617","Lactobacillus helveticus"
"618","Enterobacter bugandensis"
"619","Brachyspira pilosicoli"
"620","Fusobacterium mortiferum"
"621","Gemmiger sp. An120"
"622","Ligilactobacillus agilis"
"623","Streptococcus downei"
"624","Serratia liquefaciens"
"625","Alistipes sp. CAG:831"
"626","Staphylococcus aureus"
"627","Clostridium cadaveris"
"628","Brochothrix thermosphacta"
"629","Anaeromassilibacillus sp. An172"
"630","Carnobacterium divergens"
"631","Klebsiella aerogenes"
"632","Bacteroides oleiciplenus"
"633","Megamonas rupellensis"
"634","Fusobacterium varium"
"635","Actinomyces sp. oral taxon 414"
"636","Actinomyces johnsonii"
"637","Enterococcus hirae"
"638","Lachnoclostridium sp. An298"
"639","Citrobacter amalonaticus"
"640","Negativicoccus succinicivorans"
"641","Aerococcus christensenii"
"642","Streptococcus viridans"
"643","Limosilactobacillus pontis"
"644","Gemmiger sp. An50"
"645","Flavonifractor sp. An82"
"646","Phocaeicola salanitronis"
"647","Campylobacter jejuni"
"648","Proteus mirabilis"
"649","Propionibacterium acidifaciens"
"650","Salmonella enterica"
"651","Enterococcus mundtii"
"652","Lachnospiraceae bacterium 2_1_46FAA"
"653","Enterococcus thailandicus"
"654","Streptococcus pneumoniae"
"655","Treponema succinifaciens"
"656","Entamoeba dispar"
"657","Acidaminococcus sp. CAG:542"
"658","Mogibacterium diversum"
"659","Brachybacterium alimentarium"
"660","Akkermansia glycaniphila"
"661","Bifidobacterium ruminantium"
"662","Desulfovibrio sp. MES5"
"663","Kosakonia cowanii"
"664","Citrobacter farmeri"
"665","Romboutsia hominis"
"666","Brevibacterium linens"
"667","Enterococcus pseudoavium"
"668","Escherichia albertii"
"669","Arthrospira platensis"
"670","Corynebacterium variabile"
"671","Fretibacterium fastidiosum"
"672","Pyramidobacter sp. C12-8"
"673","Brevibacterium aurantiacum"
"674","Hungatella effluvii"
"675","Enterococcus raffinosus"
"676","Acinetobacter johnsonii"
"677","[Clostridium] cocleatum"
"678","Corynebacterium amycolatum"
"679","Robinsoniella sp. RHS"
"680","Denitrobacterium detoxificans"
"681","Staphylococcus warneri"
"682","Staphylococcus hominis"
"683","Staphylococcus lugdunensis"
"684","Streptococcus massiliensis"
"685","Staphylococcus argenteus"
"686","Staphylococcus haemolyticus"
"687","Candida dubliniensis"
"688","Bacillus sp. FJAT-27916"
"689","Lancefieldella parvula"
"690","Candida parapsilosis"
"691","Staphylococcus caprae"
"692","Actinobaculum massiliense"
"693","Lancefieldella rimae"
"694","Desulfovibrio legallii"
"695","Clostridium sporogenes"
"696","Schaalia radingae"
"697","Streptococcus urinalis"
"698","Staphylococcus capitis"
"699","Enterococcus canintestini"
"700","Enterococcus canis"
"701","[Kluyvera] intestini"
"702","Serratia marcescens"
"703","Phytobacter palmae"
"704","Actinotignum schaalii"
"705","Sharpea azabuensis"
"706","Clostridium sp. 7_2_43FAA"
"707","Actinotignum timonense"
"708","Lachnoclostridium sp. An181"
"709","Dysgonomonas mossii"
"710","Lactobacillus jensenii"
"711","Paraclostridium bifermentans"
"712","Prevotella oris"
"713","Campylobacter showae"
"714","Slackia exigua"
"715","Eikenella corrodens"
"716","Cutibacterium avidum"
"717","Ligilactobacillus saerimneri"
"718","Atlantibacter hermannii"
"719","Lactiplantibacillus paraplantarum"
"720","Aeromonas caviae"
"721","Aeromonas media"
"722","Lachnospiraceae bacterium oral taxon 096"
"723","Haemophilus quentini"
"724","Streptococcus sp. SK643"
"725","Granulicatella adiacens"
"726","Bavariicoccus seileri"
"727","Peptacetobacter hiranonis"
"728","Helicobacter cinaedi"
"729","Megasphaera vaginalis"
"730","Streptococcus sp. HPH0090"
"731","Streptococcus sp. NLAE-zl-C503"
"732","Dermabacter hominis"
"733","Anaerococcus prevotii"
"734","Enterococcus gilvus"
"735","Anaerococcus octavius"
"736","Comamonas testosteroni"
"737","Comamonas thiooxydans"
"738","Mogibacterium timidum"
"739","Propionimicrobium lymphophilum"
"740","Anaerocolumna aminovalerica"
"741","Faecalicatena contorta"
"742","Lachnoclostridium sp. An76"
"743","Actinomyces viscosus"
"744","Helicobacter bilis"
"745","Corynebacterium simulans"
"746","Prevotella sp. P3-122"
"747","Neisseria perflava"
"748","Lysinibacillus fusiformis"
"749","Lysinibacillus sphaericus"
"750","Stomatobaculum longum"
"751","Selenomonas artemidis"
"752","Clostridium sp. L74"
"753","Clostridium botulinum"
"754","Winkia neuii"
"755","Schleiferilactobacillus perolens"
"756","Acinetobacter pittii"
"757","Selenomonas noxia"
"758","Olsenella uli"
"759","Acinetobacter bereziniae"
"760","Anaerosporobacter mobilis"
"761","Cutibacterium granulosum"
"762","Lacrimispora celerecrescens"
"763","Superficieibacter electus"
"764","Enterococcus italicus"
"765","Acinetobacter ursingii"
"766","Prevotella oralis"
"767","Proteus hauseri"
"768","Acinetobacter lwoffii"
"769","Kluyvera ascorbata"
"770","Rothia kristinae"
"771","Staphylococcus petrasii"
"772","Rhodococcus qingshengii"
"773","Rhodococcus erythropolis"
"774","Eikenella halliae"
"775","Corynebacterium aurimucosum"
"776","Corynebacterium falsenii"
"777","Enterococcus malodoratus"
"778","[Eubacterium] sulci"
"779","Eubacterium maltosivorans"
"780","Veillonella sp. CAG:933"
"781","Prevotella oulorum"
"782","Prevotella pallens"
"783","Campylobacter curvus"
"784","Lentilactobacillus parabuchneri"
"785","Parabacteroides acidifaciens"
"786","Bifidobacterium scardovii"
"787","Chryseobacterium indologenes"
"788","Acinetobacter soli"
"789","Delftia tsuruhatensis"
"790","Dermabacter vaginalis"
"791","Selenomonas sp. oral taxon 892"
"792","Acinetobacter guillouiae"
"793","Aliarcobacter cryaerophilus"
"794","Flavobacterium lindanitolerans"
"795","Brevundimonas diminuta"
"796","Chryseobacterium gambrini"
"797","Acidovorax sp. MR-S7"
"798","Leucobacter sp. UCD-THU"
"799","Gordonia jacobaea"
"800","Corynebacterium callunae"
"801","Phytobacter ursingii"
"802","Candidatus Gastranaerophilales bacterium HUM_9"
"803","Prevotella intermedia"
"804","Aggregatibacter sp. oral taxon 458"
"805","Alloprevotella tannerae"
"806","[Eubacterium] brachy"
"807","Prevotella nigrescens"
"808","Lentilactobacillus sunkii"
"809","Prevotella histicola"
"810","Providencia alcalifaciens"
"811","Bacillus aerius"
"812","Helicobacter pullorum"
"813","Porphyromonas gingivalis"
"814","Filifactor alocis"
"815","[Eubacterium] saphenum"
"816","Alloprevotella sp. oral taxon 473"
"817","Prevotella jejuni"
"818","Porphyromonas somerae"
"819","Porphyromonas sp. oral taxon 278"
"820","Prevotella sp. oral taxon 299"
"821","Desulfobulbus oralis"
"822","Oribacterium asaccharolyticum"
"823","Campylobacter rectus"
"824","Leptotrichia wadei"
"825","Prevotella denticola"
"826","Treponema denticola"
"827","Prevotella sp. oral taxon 306"
"828","Prevotella pleuritidis"
"829","[Eubacterium] nodatum"
"830","Tannerella sp. oral taxon HOT-286"
"831","Neisseria elongata"
"832","Leptotrichia buccalis"
"833","Prevotella salivae"
"834","Aggregatibacter actinomycetemcomitans"
"835","Prevotella scopos"
"836","Capnocytophaga leadbetteri"
"837","Lautropia mirabilis"
"838","[Eubacterium] infirmum"
"839","Actinomyces sp. oral taxon 180"
"840","Streptococcus macedonicus"
"841","Prevotella shahii"
"842","Leptotrichia sp. oral taxon 215"
"843","Prevotella sp. F0091"
"844","Alloprevotella rava"
"845","Capnocytophaga granulosa"
"846","Lachnoanaerobaculum saburreum"
"847","Capnocytophaga gingivalis"
"848","Neisseria polysaccharea"
"849","Prevotella fusca"
"850","Streptococcus sp. HMSC067H01"
"851","Leptotrichia hofstadii"
"852","Mogibacterium pumilum"
"853","Prevotella veroralis"
"854","Leptotrichia sp. oral taxon 498"
"855","Arachnia propionica"
"856","Neisseria sp. oral taxon 014"
"857","Desulfomicrobium orale"
"858","Neisseria macacae"
"859","Actinomyces sp. oral taxon 170"
"860","Treponema lecithinolyticum"
"861","Pauljensenia hongkongensis"
"862","Parvimonas sp. oral taxon 393"
"863","Leptotrichia sp. oral taxon 225"
"864","Capnocytophaga ochracea"
"865","Prevotella maculosa"
"866","Cardiobacterium hominis"
"867","[Eubacterium] minutum"
"868","Prevotella micans"
"869","Bacteroidetes oral taxon 274"
"870","Hydrogenibacillus schlegelii"
"871","Thermoleophilum album"
"872","Prevotella multiformis"
"873","Kingella denitrificans"
"874","Morococcus cerebrosus"
"875","Leptotrichia sp. oral taxon 212"
"876","Neisseria sp. HMSC064E01"
"877","Schaalia cardiffensis"
"878","Leptotrichia sp. oral taxon 879"
"879","Prevotella loescheii"
"880","Treponema medium"
"881","Prevotella baroniae"
"882","Prevotella dentalis"
"883","Treponema sp. OMZ 838"
"884","Actinomyces massiliensis"
"885","Treponema socranskii"
"886","Treponema vincentii"
"887","Entamoeba histolytica"
"888","Streptococcus sp. oral taxon 058"
"889","Simonsiella muelleri"
"890","Kingella negevensis"
"891","Streptococcus sp. HMSC070B10"
"892","Porphyromonas catoniae"
"893","Schaalia meyeri"
"894","Kluyvera georgiana"
"895","Shuttleworthia satelles"
"896","Selenomonas sputigena"
"897","Helicobacter fennelliae"
"898","Catonella morbi"
"899","Cronobacter sakazakii"
"900","Lactococcus plantarum"
"901","Megasphaera hexanoica"
"902","Streptococcus sinensis"
"903","Prevotella marshii"
"904","Tannerella sp. oral taxon 808"
"905","Scardovia inopinata"
"906","Mitsuokella sp. oral taxon 131"
"907","Peptostreptococcaceae bacterium oral taxon 113"
"908","Prevotella multisaccharivorax"
"909","Cardiobacterium valvarum"
"910","Kosakonia oryzae"
"911","Cetobacterium somerae"
"912","Providencia rettgeri"
"913","Capnocytophaga sp. oral taxon 332"
"914","Actinomyces sp. oral taxon 897"
"915","Plesiomonas shigelloides"
"916","Escherichia fergusonii"
"917","Lachnoanaerobaculum umeaense"
"918","Leptotrichia sp. oral taxon 847"
"919","Selenomonas flueggei"
"920","Microvirgula aerodenitrificans"
"921","Selenomonas sp. oral taxon 126"
"922","Kingella oralis"
"923","Treponema maltophilum"
"924","Schaalia georgiae"
"925","Selenomonas sp. oral taxon 138"
"926","Johnsonella ignava"
"927","Selenomonas sp. FOBRC6"
"928","Capnocytophaga sp. oral taxon 863"
"929","Peptoanaerobacter stomatis"
"930","Kurthia sp. 11kri321"
"931","Fusobacterium hwasookii"
"932","Moraxella catarrhalis"
"933","Neisseria lactamica"
"934","[Eubacterium] yurii"
"935","Haemophilus sp. C1"
"936","Neisseria bacilliformis"
"937","Aeromonas dhakensis"
"938","Veillonella denticariosi"
"939","Epilithonimonas bovis"
"940","Acinetobacter brisouii"
"941","Aeromonas hydrophila"
"942","Chryseobacterium sp. 39-10"
"943","Vogesella sp. EB"
"944","Staphylococcus gallinarum"
"945","Microlunatus phosphovorus"
"946","Klebsiella variicola CAG:634"
"947","Micrococcus luteus"
"948","Brevundimonas vesicularis"
"949","Kocuria indica"
"950","Agitococcus lubricus"
"951","Neisseria meningitidis"
"952","Oribacterium sp. oral taxon 078"
"953","Selenomonas infelix"
"954","Melaminivora sp. SC2-9"
"955","Sphingopyxis granuli"
"956","Aquamicrobium defluvii"
"957","Chryseobacterium lacus"
"958","Paracoccus alkenifer"
"959","Paracoccus solventivorans"
"960","Prevotella saccharolytica"
"961","Centipeda periodontii"
"962","Selenomonas sp. oral taxon 920"
"963","Parvimonas sp. oral taxon 110"
"964","Haemophilus aegyptius"
"965","Prevotella enoeca"
"966","Bacteroides zoogleoformans"
"967","Kosakonia radicincitans"
"968","Kluyvera intermedia"
"969","Enterobacter soli"
"970","Veillonella montpellierensis"
"971","Moraxella atlantae"
"972","Lactiplantibacillus pentosus"
"973","Ottowia sp. oral taxon 894"
"974","Brevibacterium luteolum"
"975","Capnocytophaga sp. oral taxon 878"
"976","Pseudoleptotrichia goodfellowii"
"977","Micrococcus aloeverae"
"978","Kosakonia sacchari"
"979","Pantoea dispersa"
"980","Lactobacillus equicursoris"
"981","Prevotella sp. oral taxon 820"
"982","Methanosphaera sp. SHI1033"
"983","Franconibacter helveticus"
"984","Pectobacterium carotovorum"
"985","Bacillus altitudinis"
"986","Bacteroidetes bacterium oral taxon 272"
"987","Anaerolineaceae bacterium oral taxon 439"
"988","Treponema putidum"
"989","Pseudoramibacter alactolyticus"
"990","Acinetobacter nosocomialis"
"991","Erwinia persicina"
"992","Porphyromonas canoris"
"993","Pluralibacter gergoviae"
"994","Liquorilactobacillus nagelii"
"995","Vibrio parahaemolyticus"
"996","Methanobrevibacter sp. 87.7"
"997","Chlamydia ibidis"
"998","Vagococcus teuberi"
"999","Melissococcus sp. OM08-11BH"
"1000","Cronobacter malonaticus"
"1001","Vagococcus martis"
"1002","Enterococcus saccharolyticus"
"1003","Mammaliicoccus sciuri"
"1004","Campylobacter mucosalis"
"1005","Pantoea rwandensis"
"1006","Alkalilimnicola ehrlichii"
"1007","Stenotrophomonas rhizophila"
"1008","Corticimicrobacter populi"
"1009","Capnocytophaga sp. oral taxon 338"
"1010","Capnocytophaga haemolytica"
"1011","Corynebacterium ammoniagenes"
"1012","Staphylococcus nepalensis"
"1013","Acinetobacter variabilis"
"1014","Acinetobacter schindleri"
"1015","Staphylococcus arlettae"
"1016","Sphingobacterium cellulitidis"
"1017","Sphingobacterium mizutaii"
"1018","Stenotrophomonas ginsengisoli"
"1019","Acinetobacter gandensis"
"1020","Allosphingosinicella indica"
"1021","Flavobacterium ummariense"
"1022","Pulveribacter suum"
"1023","Glutamicibacter soli"
"1024","Photobacterium damselae"
"1025","Raoultella sp. T31"
"1026","Corynebacterium sp. HMSC058E07"
"1027","Corynebacterium jeikeium"
"1028","Corynebacterium sp. HMSC078H07"
"1029","Corynebacterium minutissimum"
"1030","Corynebacterium resistens"
"1031","Brevibacterium mcbrellneri"
"1032","Paenibacillus macerans"
"1033","Anaerococcus nagyae"
"1034","Anaerococcus hydrogenalis"
"1035","Mixta calida"
"1036","Acinetobacter baumannii"
"1037","Pseudescherichia vulneris"
"1038","Corynebacterium tuberculostearicum"
"1039","Malassezia pachydermatis"
"1040","Staphylococcus schweitzeri"
"1041","Acinetobacter junii"
"1042","Paraclostridium benzoelyticum"
"1043","Staphylococcus pettenkoferi"
"1044","Shewanella oneidensis"
"1045","Shewanella xiamenensis"
"1046","Klebsiella grimontii"
"1047","Pantoea brenneri"
"1048","Cloacibacterium normanense"
"1049","Acidovorax caeni"
"1050","Bacillus intestinalis"
"1051","Bacteroides pyogenes"
"1052","Corynebacterium pyruviciproducens"
"1053","Roseomonas mucosa"
"1054","Malassezia sympodialis"
"1055","Serratia fonticola"
"1056","Pantoea allii"
"1057","Pseudomonas helleri"
"1058","Corynebacterium glucuronolyticum"
"1059","Cutibacterium namnetense"
"1060","Malassezia restricta"
"1061","Enterococcus asini"
"1062","Campylobacter fetus"
"1063","Bacillus sp. FJAT-18017"
"1064","Peribacillus simplex"
"1065","Sphingobium yanoikuyae"
"1066","Rhizobium pusense"
"1067","Massilia timonae"
"1068","Paenibacillus amylolyticus"
"1069","Brevibacillus choshinensis"
"1070","Brevibacillus formosus"
"1071","Companilactobacillus farciminis"
"1072","Bacillus gobiensis"
"1073","Priestia megaterium"
"1074","Corynebacterium atypicum"
"1075","Corynebacterium frankenforstense"
"1076","Candida orthopsilosis"
"1077","Candida tropicalis"
"1078","Gordonia otitidis"
"1079","Acinetobacter sp. TGL-Y2"
"1080","Clostridium sartagoforme"
"1081","Delftia acidovorans"
"1082","Serratia nematodiphila"
"1083","Corynebacterium tuscaniense"
"1084","Gluconobacter japonicus"
"1085","Raoultella terrigena"
"1086","Pseudomonas weihenstephanensis"
"1087","Pseudomonas versuta"
"1088","Pseudomonas lundensis"
"1089","Bifidobacterium moukalabense"
"1090","Pantoea vagans"
"1091","Tropheryma whipplei"
"1092","Variovorax paradoxus"
"1093","Streptococcus uberis"
"1094","Streptococcus hongkongensis"
"1095","Lactococcus chungangensis"
"1096","Moellerella wisconsensis"
"1097","Lentilactobacillus kefiri"
"1098","Clostridium thermobutyricum"
"1099","Staphylococcus pasteuri"
"1100","Limosilactobacillus panis"
"1101","Trueperella bernardiae"
"1102","Actinomyces radicidentis"
"1103","Vibrio cholerae"
"1104","Kocuria palustris"
"1105","Corynebacterium sp. NML130628"
"1106","Corynebacterium sp. NML140438"
"1107","Acinetobacter indicus"
"1108","Corynebacterium kefirresidentii"
"1109","Malassezia globosa"
"1110","Kocuria rhizophila"
"1111","Dermacoccus sp. PE3"
"1112","Corynebacterium lipophiloflavum"
"1113","Kytococcus sedentarius"
"1114","Anoxybacillus flavithermus"
"1115","Helicobacter sp. 11-8110"
"1116","Comamonas aquatica"
"1117","Shewanella algae"
"1118","Enterococcus cecorum"
"1119","Acinetobacter towneri"
"1120","Helicobacter pylori"
"1121","Helicobacter winghamensis"
"1122","Treponema berlinense"
"1123","Corynebacterium sp. HMSC08A12"
"1124","Campylobacter coli"
"1125","Enterococcus devriesei"
"1126","Megasphaera cerevisiae"
"1127","Yokenella regensburgei"
"1128","Enterobacter sp. 638"
"1129","Ligilactobacillus acidipiscis"
"1130","Lentilactobacillus otakiensis"
"1131","Tetragenococcus halophilus"
"1132","Alcaligenes aquatilis"
"1133","Proteus vulgaris"
"1134","Leuconostoc suionicum"
"1135","Alcaligenes faecalis"
"1136","Staphylococcus succinus"
"1137","Staphylococcus sp. NAM3COL9"
"1138","Staphylococcus carnosus"
"1139","Companilactobacillus mindensis"
"1140","Levilactobacillus senmaizukei"
"1141","Lactobacillus kalixensis"
"1142","Pediococcus sp."
"1143","Pediococcus parvulus"
"1144","Lentilactobacillus buchneri"
"1145","Treponema porcinum"
"1146","Desulfovibrio vulgaris"
"1147","Lactobacillus apis"
"1148","Anaerostipes sp. 494a"
"1149","Lactobacillus kullabergensis"
"1150","Lactobacillus kimbladii"
"1151","Corynebacterium coyleae"
"1152","Caulobacter sp. FWC26"
"1153","Mycobacteroides chelonae"
"1154","Mycolicibacterium mucogenicum"
"1155","Sphingomonas ginsenosidimutans"
"1156","Acidovorax temperans"
"1157","Pseudomonas moraviensis"
"1158","Sphingopyxis sp. H050"
"1159","Halomonas hydrothermalis"
"1160","Caulobacter vibrioides"
"1161","Bradyrhizobium lablabi"
"1162","Corynebacterium afermentans"
"1163","Mycobacteroides abscessus"
"1164","Ralstonia pickettii"
"1165","Methylobacterium phyllosphaerae"
"1166","Tepidiphilus thermophilus"
"1167","Streptomyces purpurogeneiscleroticus"
"1168","Bradyrhizobium sp. BTAi1"
"1169","Hydrogenophilus thermoluteolus"
"1170","Pseudomonas alcaliphila"
"1171","Corynebacterium genitalium"
"1172","Corynebacterium hadale"
"1173","Williamsia marianensis"
"1174","Kytococcus aerolatus"
"1175","Corynebacterium ureicelerivorans"
"1176","Dermacoccus nishinomiyaensis"
"1177","Mycobacterium gordonae"
"1178","Paracoccus yeei"
"1179","Aerococcus viridans"
"1180","Rheinheimera sp. KL1"
"1181","Acinetobacter parvus"
"1182","Brucella anthropi"
"1183","Ralstonia sp. MD27"
"1184","Ralstonia insidiosa"
"1185","Dysgonomonas sp. 37-18"
"1186","[Pseudomonas] geniculata"
"1187","Pseudomonas parafulva"
"1188","Acinetobacter idrijaensis"
"1189","Acinetobacter haemolyticus"
"1190","Paracoccus salipaludis"
"1191","Chelatococcus daeguensis"
"1192","Kocuria rosea"
"1193","Bradyrhizobium sp. STM 3809"
"1194","Brevibacterium ravenspurgense"
"1195","Staphylococcus auricularis"
"1196","Corynebacterium appendicis"
"1197","Corynebacterium urealyticum"
"1198","Brevibacterium casei"
"1199","Staphylococcus cohnii"
"1200","Sphingomonas hankookensis"
"1201","Chryseobacterium sp. AG844"
"1202","Limosilactobacillus coleohominis"
"1203","Janibacter indicus"
"1204","Rhodococcus kroppenstedtii"
"1205","Mycoplasmopsis cynos"
"1206","Janibacter hoylei"
"1207","Methyloversatilis sp. RAC08"
"1208","Leptospira johnsonii"
"1209","Brevundimonas subvibrioides"
"1210","Leptospira licerasiae"
"1211","Bradyrhizobium sp. DOA9"
"1212","Immundisolibacter cernigliae"
"1213","Bosea vaviloviae"
"1214","Pantoea eucrina"
"1215","Hungatella xylanolytica"
"1216","Kosakonia pseudosacchari"
"1217","Sporanaerobacter sp. PP17-6a"
"1218","Latilactobacillus fuchuensis"
"1219","Weissella koreensis"
"1220","Pantoea agglomerans"
"1221","Escherichia sp. ESNIH1"
"1222","Enterococcus sp. 3H8_DIV0648"
"1223","Serratia ureilytica"
"1224","Paenibacillus lactis"
"1225","Flavonifractor sp. An306"
"1226","Acidipropionibacterium acidipropionici"
"1227","Companilactobacillus tucceti"
"1228","Companilactobacillus futsaii"
"1229","Loigolactobacillus coryniformis"
"1230","Companilactobacillus paralimentarius"
"1231","Candidatus Pelagibacter ubique"
"1232","Streptococcus pyogenes"
"1233","Actinomyces denticolens"
"1234","Mobiluncus mulieris"
"1235","Selenomonas sp. F0473"
"1236","Limnochorda pilosa"
"1237","Aerococcus urinaeequi"
"1238","Acinetobacter radioresistens"
"1239","Cutibacterium modestum"
"1240","Paracoccus versutus"
"1241","Paracoccus pantotrophus"
"1242","Carnobacterium maltaromaticum"
"1243","Psychrobacter sp. 1501(2011)"
"1244","Serratia proteamaculans"
"1245","Sphingomonas koreensis"
"1246","Propionibacterium sp. oral taxon 192"
"1247","Staphylococcus pseudintermedius"
"1248","Elizabethkingia miricola"
"1249","Kingella potus"
"1250","Corynebacterium singulare"
"1251","Listeria monocytogenes"
"1252","Micrococcus lylae"
"1253","Burkholderia cenocepacia"
"1254","Burkholderia pyrrocinia"
"1255","Moraxella lacunata"
"1256","Pantoea ananatis"
"1257","Corynebacterium striatum"
"1258","Paracoccus sanguinis"
"1259","Porphyromonas cangingivalis"
"1260","Porphyromonas gulae"
"1261","Porphyromonas gingivicanis"
"1262","Neisseria dumasiana"
"1263","Gemmiger sp. An194"
"1264","Herbaspirillum sp."
"1265","Synechococcus sp. JA-2-3B'a(2-13)"
"1266","Roseiflexus sp. RS-1"
"1267","Pararheinheimera mesophila"
"1268","Paucilactobacillus vaccinostercus"
"1269","Pseudomonas guguanensis"
"1270","Dysgonomonas gadei"
"1271","Frigoribacterium sp. Leaf8"
"1272","Proteus penneri"
"1273","Wohlfahrtiimonas chitiniclastica"
"1274","Corynebacterium oculi"
"1275","Obesumbacterium proteus"
"1276","Bifidobacterium asteroides"
"1277","Yersinia frederiksenii"
"1278","Anaerostipes sp. 992a"
"1279","Bacteroides heparinolyticus"
"1280","Methanobacterium formicicum"
"1281","Methanobrevibacter woesei"
"1282","Citrobacter sp. 50677481"
"1283","Aeromonas veronii"
"1284","Hornefia porci"
"1285","Pseudocitrobacter faecalis"
"1286","Clostridium sp. SY8519"
"1287","Cronobacter dublinensis"
"1288","Pediococcus stilesii"
"1289","Lentilactobacillus senioris"
"1290","Corynebacterium vitaeruminis"
"1291","Weissella paramesenteroides"
"1292","Lapidilactobacillus dextrinicus"
"1293","Terrisporobacter glycolicus"
"1294","Enterococcus sulfureus"
"1295","Bacillus haynesii"
"1296","Lactobacillus gallinarum"
"1297","Mycoplasmopsis bovis"
"1298","Chryseobacterium sp. VAUSW3"
"1299","Alkalibacterium thalassium"
"1300","Weissella halotolerans"
"1301","Ligilactobacillus murinus"
"1302","Lachnoclostridium sp. An196"
"1303","Corynebacterium riegelii"
"1304","Cloacibacillus sp. An23"
"1305","Corynebacterium glutamicum"
"1306","Lentilactobacillus hilgardii"
"1307","Pediococcus damnosus"
"1308","Lactobacillus acetotolerans"
"1309","Microbacterium oxydans"
"1310","Chroococcidiopsis thermalis"
"1311","Acinetobacter venetianus"
"1312","Pedobacter himalayensis"
"1313","Cryptosporidium hominis"
"1314","Cryptosporidium parvum"
"1315","Cryptosporidium meleagridis"
"1316","Agrobacterium tumefaciens"
"1317","Agrobacterium deltaense"
"1318","Kouleothrix aurantiaca"
"1319","Paludisphaera borealis"
"1320","Thiohalorhabdus denitrificans"
"1321","Acholeplasma oculi"
"1322","Rubrobacter radiotolerans"
"1323","Bacteroides sp. An322"
"1324","Elusimicrobium sp. An273"
"1325","Eubacterium pyruvativorans"
"1326","Mucispirillum schaedleri"
"1327","Leuconostoc kimchii"
"1328","Anaeromassilibacillus sp. An200"
"1329","Geobacillus stearothermophilus"
"1330","Methanomassiliicoccales archaeon RumEn M1"
"1331","Butyricicoccus porcorum"
"1332","Sphingobacterium multivorum"
"1333","Companilactobacillus nodensis"
"1334","Bifidobacterium choerinum"
"1335","Bifidobacterium anseris"
"1336","Fructilactobacillus fructivorans"
"1337","Enterococcus phoeniculicola"
"1338","Mediterranea sp. An20"
"1339","Corynebacterium otitidis"
"1340","Oenococcus alcoholitolerans"
"1341","Brevibacterium paucivorans"
"1342","Faecalibaculum rodentium"
"1343","Phyllobacterium myrsinacearum"
"1344","Achromobacter xylosoxidans"
"1345","Pedobacter nutrimenti"
"1346","Bifidobacterium thermacidophilum"
"1347","Schleiferilactobacillus harbinensis"
"1348","Achromobacter denitrificans"
"1349","Achromobacter ruhlandii"
"1350","Lentilactobacillus parafarraginis"
"1351","Weissella thailandensis"
"1352","Avibacterium paragallinarum"
"1353","Helicobacter trogontum"
"1354","Synergistes jonesii"
"1355","Mycobacterium canettii"
"1356","Mycobacterium tuberculosis"
"1357","Levilactobacillus zymae"
"1358","Salipiger profundus"
"1359","Sphingomonas paucimobilis"
"1360","Pseudonocardia ammonioxydans"
"1361","Methylorubrum extorquens"
"1362","Coprothermobacter proteolyticus"
"1363","Acetomicrobium flavidum"
"1364","Laribacter hongkongensis"
"1365","Kocuria varians"
"1366","Aneurinibacillus migulanus"
"1367","Alkalihalobacillus pseudalcaliphilus"
"1368","Peribacillus butanolivorans"
"1369","Rossellomorea marisflavi"
"1370","Margalitia shackletonii"
"1371","Sporosarcina globispora"
"1372","Jeotgalibacillus marinus"
"1373","Lentilactobacillus parakefiri"
"1374","Paenibacillus solani"
"1375","Brevibacillus reuszeri"
"1376","Priestia aryabhattai"
"1377","Corynebacterium diphtheriae"
"1378","Virgibacillus pantothenticus"
"1379","Bacillus stratosphericus"
"1380","Alkalihalobacillus macyae"
"1381","Bacillus sp. 7504-2"
"1382","Alkalihalobacillus halodurans"
"1383","Mycoplasma sp. HU2014"
"1384","Mycoplasma hyorhinis"
"1385","Alkalihalobacillus murimartini"
"1386","Cupriavidus sp."
"1387","Kocuria polaris"
"1388","Peptoniphilus sp. oral taxon 386"
"1389","Campylobacter hyointestinalis"
"1390","Zymomonas mobilis"
"1391","Liquorilactobacillus hordei"
"1392","Tatumella ptyseos"
"1393","Clostridium saccharobutylicum"
"1394","Bacillus safensis"
"1395","Cytobacillus kochii"
"1396","Streptomyces albus"
"1397","Alkalihalobacillus clausii"
"1398","Bacillus pumilus"
"1399","Vibrio furnissii"
"1400","Enterobacter sp. RIT 418"
"1401","Acetivibrio ethanolgignens"
"1402","Bacteroides graminisolvens"
"1403","Meiothermus silvanus"
"1404","Streptococcus suis"
"1405","Siccibacter turicensis"
"1406","Prevotella sp. MGM2"
"1407","Ileibacterium valens"
"1408","Kerstersia gyiorum"
"1409","Acetatifactor muris"
"1410","Peptoniphilus asaccharolyticus"
"1411","Oenococcus oeni"
"1412","Klebsiella quasivariicola"
"1413","Vagococcus lutrae"
"1414","Peptoniphilus grossensis"
"1415","Citrobacter gillenii"
"1416","Candidatus Methanomethylophilus sp. 1R26"
"1417","Pseudomonas panacis"
"1418","Rhodococcus pyridinivorans"
"1419","Rhodococcus hoagii"
"1420","Pseudomonas kuykendallii"
"1421","Lawsonia intracellularis"
"1422","Brevibacterium iodinum"
"1423","Gordonia terrae"
"1424","Cellulosimicrobium cellulans"
"1425","Nocardiopsis alba"
"1426","Nocardiopsis sp. L17-MgMaSL7"
"1427","Methanobrevibacter sp. AbM4"
"1428","Mycolicibacterium obuense"
"1429","Methylobacterium radiotolerans"
"1430","Rhodococcus gordoniae"
"1431","Liquorilactobacillus satsumensis"
"1432","[Enterobacter] lignolyticus"
"1433","Cedecea neteri"
"1434","Bifidobacterium magnum"
"1435","Bifidobacterium gallicum"
"1436","Glutamicibacter mysorens"
"1437","Pradoshia eiseniae"
"1438","Sarcina sp. DSM 11001"
"1439","Methanobrevibacter thaueri"
"1440","Methanobrevibacter ruminantium"
"1441","Corynebacterium efficiens"
"1442","Treponema saccharophilum"
"1443","Roseburia sp. 499"
"1444","Pseudomonas sp. TTU2014-080ASC"
"1445","Pseudomonas flexibilis"
"1446","Clostridium bornimense"
"1447","Mycolicibacterium fortuitum"
"1448","Gordonia amicalis"
"1449","Cellulosimicrobium aquatile"
"1450","Gordonia alkanivorans"
"1451","Methanosphaera sp. rholeuAM74"
"1452","Pyrococcus yayanosii"
"1453","Lacticaseibacillus pantheris"
"1454","Vibrio kanaloae"
"1455","Lactobacillus kitasatonis"
"1456","Vibrio fluvialis"
"1457","Halomonas boliviensis"
"1458","Xanthomonas phaseoli"
"1459","Kocuria marina"
"1460","Sphingopyxis terrae"
"1461","Fusobacterium necrogenes"
"1462","Pseudoalteromonas tetraodonis"
"1463","Pseudoalteromonas undina"
"1464","Pseudoalteromonas nigrifaciens"
"1465","Providencia stuartii"
"1466","Clostridium argentinense"
"1467","Lachnoclostridium phytofermentans"
"1468","Staphylococcus kloosii"
"1469","Prauserella sp. Am3"
"1470","Aeromonas allosaccharophila"
"1471","Romboutsia lituseburensis"
"1472","Frischella perrara"
"1473","Gilliamella apicola"
"1474","Edwardsiella hoshinae"
"1475","Leishmania braziliensis"
"1476","Pseudomonas yamanorum"
"1477","Mesorhizobium hungaricum"
"1478","Chryseobacterium scophthalmum"
"1479","Chlorogloea sp. CCALA 695"
"1480","Methylorubrum populi"
"1481","Lysinibacillus sp. B2A1"
"1482","Aspergillus cristatus"
"1483","Helicobacter canis"
"1484","Schwartzia succinivorans"
"1485","Fructilactobacillus lindneri"
"1486","Parabacteroides chartae"
"1487","Lactobacillus gigeriorum"
"1488","Acinetobacter beijerinckii"
"1489","Staphylococcus simulans"
"1490","Acinetobacter seifertii"
"1491","Hydrogenoanaerobacterium saccharovorans"
"1492","Providencia rustigianii"
"1493","Lentilactobacillus farraginis"
"1494","Bifidobacterium tsurumiense"
"1495","Enterococcus columbae"
"1496","Solibacillus silvestris"
"1497","Caldibacillus thermoamylovorans"
"1498","Caldibacillus hisashii"
"1499","Clostridium combesii"
"1500","Pseudomonas taetrolens"
"1501","Clostridium beijerinckii"
"1502","Aspergillus sydowii"
"1503","Cytobacillus oceanisediminis"
"1504","Paenibacillus glucanolyticus"
"1505","Psychrobacillus psychrotolerans"
"1506","Sporosarcina newyorkensis"
"1507","Bifidobacterium indicum"
"1508","Enterobacter sp. 10-1"
"1509","Aspergillus niger"
"1510","Aspergillus welwitschiae"
"1511","Aspergillus luchuensis"
"1512","Streptococcus troglodytae"
"1513","Stenotrophomonas humi"
"1514","Lentilactobacillus kisonensis"
"1515","Lentilactobacillus rapi"
"1516","Pseudomonas psychrophila"
"1517","Blastomonas sp."
"1518","Pseudomonas lactis"
"1519","Prolinoborus fasciculus"
"1520","Brucella pituitosa"
"1521","Brucella thiophenivorans"
"1522","Mesorhizobium sp. 65-26"
"1523","Comamonas terrigena"
"1524","Comamonas sp. JNW"
"1525","Pseudomonas sp. 57B-090624"
"1526","Achromobacter marplatensis"
"1527","Empedobacter falsenii"
"1528","Achromobacter mucicolens"
"1529","Pseudomonas kunmingensis"
"1530","Corynebacterium xerosis"
"1531","Enterococcus sp. RIT-PI-f"
"1532","Bifidobacterium psychraerophilum"
"1533","Pseudomonas coleopterorum"
"1534","Stenotrophomonas pavanii"
"1535","Cryptosporidium ubiquitum"
"1536","Psychrobacter piechaudii"
"1537","Micrococcus terreus"
"1538","Psychrobacter pasteurii"
"1539","Brachybacterium muris"
"1540","Lactiplantibacillus xiangfangensis"
"1541","Corynebacterium flavescens"
"1542","Glutamicibacter sp."
"1543","Janibacter terrae"
"1544","Pseudomonas psychrotolerans"
"1545","Aerococcaceae bacterium"
"1546","Amycolatopsis niigatensis"
"1547","Janibacter sp. Soil728"
"1548","Lacticaseibacillus manihotivorans"
"1549","Eikenella longinqua"
"1550","Pasteurella canis"
"1551","Flavobacterium sp. FEMGT703F"
"1552","Sediminibacterium sp. FEMGT703S"
"1553","Tychonema bourrellyi"
"1554","Phascolarctobacterium sp."
"1555","Tepidimonas fonticaldi"
"1556","Lactobacillus intestinalis"
"1557","Tyzzerella sp. An114"
"1558","Clostridium tyrobutyricum"
"1559","Bordetella parapertussis"
"1560","Bordetella pertussis"
"1561","Buttiauxella agrestis"
"1562","Weissella jogaejeotgali"
"1563","Corynebacterium provencense"
"1564","Lentilactobacillus diolivorans"
"1565","Clostridium sp. C105KSO13"
"1566","Cupriavidus metallidurans"
"1567","Facklamia languida"
"1568","Pseudoglutamicibacter albus"
"1569","Pseudoglutamicibacter cumminsii"
"1570","Facklamia ignava"
"1571","Corynebacterium imitans"
"1572","Aerococcus sanguinicola"
"1573","Aerococcus urinae"
"1574","Eremococcus coleocola"
"1575","Bacteroidales bacterium KA00344"
"1576","Pelistega indica"
"1577","Ewingella americana"
"1578","Paenibacillus thiaminolyticus"
"1579","Actinotignum urinale"
"1580","Dolosicoccus paucivorans"
"1581","Corynebacterium sp. HMSC29G08"
"1582","Corynebacterium freneyi"
"1583","Acinetobacter sp. WCHAc010034"
"1584","Pantoea conspicua"
"1585","Globicatella sanguinis"
"1586","Globicatella sulfidifaciens"
"1587","Rhodococcus fascians"
"1588","Pseudomonas paralactis"
"1589","Pectobacterium parmentieri"
"1590","Acinetobacter oleivorans"
"1591","Bifidobacterium minimum"
"1592","Ottowia oryzae"
"1593","Ensifer adhaerens"
"1594","Burkholderia contaminans"
"1595","Rahnella aquatilis"
"1596","Bacteroides reticulotermitis"
"1597","Cytobacillus horneckiae"
"1598","Paenibacillus lautus"
"1599","Thermus scotoductus"
"1600","Edwardsiella tarda"
"1601","Lelliottia jeotgali"
"1602","Bordetella trematum"
"1603","Lysinibacillus boronitolerans"
"1604","Pediococcus inopinatus"
"1605","Chryseobacterium arthrosphaerae"
"1606","Pantoea sp. PSNIH6"
"1607","Paraburkholderia tropica"
"1608","Elizabethkingia anophelis"
"1609","Rodentibacter heylii"
"1610","Weissella minor"
"1611","Pseudomonas simiae"
"1612","Sodalis praecaptivus"
"1613","Rickettsia felis"
"1614","Cronobacter turicensis"
"1615","Leucobacter sp. 7(1)"
"1616","Leucobacter komagatae"
"1617","Desulfotomaculum ruminis"
"1618","Methanobacterium sp. MB1"
"1619","Weissella hellenica"
"1620","Mammaliicoccus vitulinus"
"1621","Companilactobacillus crustorum"
"1622","Alkaliphilus oremlandii"
"1623","Paenibacillus polysaccharolyticus"
"1624","Limosilactobacillus frumenti"
"1625","Mycobacterium avium"
"1626","Oligella ureolytica"
"1627","Paenibacillus sp. 7884-2"
